OUTN-0006	OUTN		16/08/14	Ai Hanazawa
OUTN-0007	OUTN		16/09/14	Ai Hanazawa
OUTN-0009	OUTN		16/11/14	Ai Hanazawa
CLSC-028	CLSC		02/01/15	Ai Hanazawa
CLSC-033	CLSC		06/03/15	Ai Hanazawa
TSDS-42074	TSDS		22/05/15	Ai Hanazawa
OUTN-0025	OUTN		16/11/15	Ai Hanazawa
OUTN-0039	OUTN		16/05/16	Ai Hanazawa
JSSM-001	JSSM		13/12/13	Ai Saito
MMR-368	MMR		28/03/14	Ai Saito
CTLD-003	CTLD		23/05/14	Ai Saito
SHI-012	SHI		28/07/14	Ai Saito
TOMATO-002	TOMATO		20/03/15	Ai Saito
THIA-001	THIA		15/05/15	Ai Saito
TASKS-036	TASKS		20/08/15	Ai Saito
TRID-148	TRID		22/09/10	Ai Yamagami
IMOM-162	IMOM		10/12/10	Ai Yamagami
FEIR-0027	FEIR		16/03/11	Ai Yamagami
ICDV-31304	ICDV		03/06/11	Ai Yamagami
SBKD-0033	SBKD		29/09/11	Ai Yamagami
FEIR-0051	FEIR		16/12/11	Ai Yamagami
LCDV-40514	LCDV		20/03/12	Ai Yamagami
BSTAR-008	BSTAR		29/06/12	Ai Yamagami
DSTAR-008	DSTAR		29/06/12	Ai Yamagami
FRTE-0001	FRTE		28/09/12	Ai Yamagami
GUILD-022	GUILD		20/12/12	Ai Yamagami
LCDV-40571	LCDV		20/03/13	Ai Yamagami
BSTAR-023	BSTAR		28/06/13	Ai Yamagami
DSTAR-023	DSTAR		28/06/13	Ai Yamagami
ENFD-5495	ENFD		20/09/13	Ai Yamagami
TSDV-41604	TSDV		24/01/14	Ai Yamagami
XAM-092	XAM		27/06/14	Ai Yamagami
JSSJ-105	JSSJ		23/05/14	Aida Yuzuna
PEAC-005	PEAC		23/04/13	Aika Ozaki
PEAC-008	PEAC		23/05/13	Aika Ozaki
PEAC-009	PEAC		23/07/13	Aika Ozaki
PEAC-014	PEAC		23/08/13	Aika Ozaki
PDOL-014	PDOL		23/10/13	Aika Ozaki
PIXY-024	PIXY		23/12/13	Aika Ozaki
SBVD-0219	SBVD		28/02/14	Aika Ozaki
MMR-389	MMR		30/05/14	Aika Ozaki
MMR-405	MMR		25/07/14	Aika Ozaki
ENRG-006	ENRG		25/09/14	Aika Ozaki
JSSJ-131	JSSJ		23/01/15	Aika Ozaki
TASKS-026	TASKS		20/03/15	Aika Ozaki
JSSJ-097	JSSJ		28/02/14	Aina Osawa
JKSS-003	JKSS		23/04/14	Aina Osawa
TMOE-1	TMOE		18/03/06	Aira Mihana
CPD-008	CPD		22/04/06	Aira Mihana
CPD-007	CPD		22/04/06	Aira Mihana
MMD-0002	MMD		21/06/06	Aira Mihana
SCDV-10154	SCDV		13/10/06	Aira Mihana
CPSKY-014	CPSKY		19/01/07	Aira Mihana
CPSKY-026	CPSKY		08/06/07	Aira Mihana
CPSKY-027	CPSKY		08/06/07	Aira Mihana
CPD-024	CPD		13/07/07	Aira Mihana
CPSKY-034	CPSKY		07/09/07	Aira Mihana
WCRM-02	WCRM		07/12/07	Aira Mihana
WCRM-03	WCRM		29/02/08	Aira Mihana
seijun-03	seijun		21/03/08	Aira Mihana
seijun-04	seijun		21/03/08	Aira Mihana
DCG-007	DCG		19/10/08	Aira Mihana
DCG-008	DCG		19/10/08	Aira Mihana
CPSKY-062	CPSKY		12/12/08	Aira Mihana
CPSKY-078	CPSKY		27/03/09	Aira Mihana
CPSKY-079	CPSKY		27/03/09	Aira Mihana
CPSKY-088	CPSKY		01/05/09	Aira Mihana
CPSKY-089	CPSKY		01/05/09	Aira Mihana
CPSKY-100	CPSKY		17/07/09	Aira Mihana
CPSKY-101	CPSKY		17/07/09	Aira Mihana
CPSKY-126	CPSKY		13/11/09	Aira Mihana
CPSKY-125	CPSKY		18/11/09	Aira Mihana
TCSD-S1	TCSD		20/11/09	Aira Mihana
TCSD-02	TCSD		11/12/09	Aira Mihana
CPSKY-132	CPSKY		18/12/09	Aira Mihana
CPSKY-135	CPSKY		08/01/10	Aira Mihana
CPDR-021	CPDR		13/01/10	Aira Mihana
CPSKY-142	CPSKY		05/02/10	Aira Mihana
CPSKY-144	CPSKY		12/03/10	Aira Mihana
CPSKY-145	CPSKY		12/03/10	Aira Mihana
CPSKY-169	CPSKY		16/07/10	Aira Mihana
CPDR-046	CPDR		20/07/10	Aira Mihana
PIST-014	PIST		23/11/11	Airi Aragaki
CMP-029	CMP		20/10/11	Airi Morisaki
CMP-032	CMP		25/12/11	Airi Morisaki
CMP-040	CMP		15/01/13	Airi Morisaki
CMP-034	CMP		25/03/12	Airi Morisaki
CMP-039	CMP		30/10/12	Airi Morisaki
CMP-038	CMP		10/08/12	Airi Morisaki
CMP-035	CMP		30/05/12	Airi Morisaki
OUTN-0001	OUTN		16/03/14	Akane Kamiyama
OUTN-0002	OUTN		16/04/14	Akane Kamiyama
PRNS-06	PRNS		30/04/14	Akane Kamiyama
OUTN-0003	OUTN		16/05/14	Akane Kamiyama
CLSC-014	CLSC		01/06/14	Akane Kamiyama
OUTN-0004	OUTN		16/06/14	Akane Kamiyama
OUTN-0005	OUTN		16/07/14	Akane Kamiyama
SBKD-0102	SBKD		28/08/14	Akane Kamiyama
OUTN-0007	OUTN		16/09/14	Akane Kamiyama
CLSC-022	CLSC		03/10/14	Akane Kamiyama
OUTN-0010	OUTN		16/12/14	Akane Kamiyama
CLSC-031	CLSC		06/02/15	Akane Kamiyama
CLSC-036	CLSC		03/04/15	Akane Kamiyama
OUTN-0020	OUTN		16/08/15	Akane Kamiyama
OUTN-0027	OUTN		16/12/15	Akane Kamiyama
OUTN-0034	OUTN		16/03/16	Akane Kamiyama
OHP-2019	OHP		16/01/09	Akane Kaneko
CPSKY-072	CPSKY		06/03/09	Akane Kaneko
CPSKY-073	CPSKY		06/03/09	Akane Kaneko
IMOM-149	IMOM		25/09/10	Akari Iinuma
FEIR-021	FEIR		16/12/10	Akari Iinuma
IMOM-170	IMOM		25/02/11	Akari Iinuma
ICDV-31306	ICDV		01/07/11	Akari Iinuma
SSE-004	SSE		18/11/11	Akari Iinuma
FEIR-0058	FEIR		16/02/12	Akari Iinuma
FRSM-0001	FRSM		27/04/12	Akari Iinuma
GUILD-021	GUILD		22/11/12	Akari Iinuma
HTC-008	HTC		19/07/13	Akari Iinuma
HTC-009	HTC		14/08/13	Akari Iinuma
MOE-004	MOE		21/10/11	Akari Kawagoe
IMOG-242	IMOG		10/02/12	Akari Kawagoe
IMBD-064	IMBD		10/02/12	Akari Kawagoe
FUGA-001	FUGA		23/04/12	Akari Kawagoe
FEIR-0073	FEIR		16/07/12	Akari Kawagoe
TASKJ-124	TASKJ		20/09/12	Akari Kawagoe
AILE-019	AILE		13/03/13	Akari Kawagoe
AILE-023	AILE		13/05/13	Akari Kawagoe
AILE-027	AILE		23/07/13	Akari Kawagoe
AILE-032	AILE		13/01/14	Akari Kawagoe
SCDV-10030	SCDV		10/07/03	Akari Saitou
SAM-005	SAM		18/02/04	Akari Saitou
CTDV-001	CTDV		24/06/05	Akari Saitou
SOPD-8004	SOPD		20/01/06	Akari Saitou
SOPD-9018	SOPD		21/04/06	Akari Saitou
CHGARO-001	CHGARO		06/09/07	Akari Saitou
GGGG-004	GGGG		07/10/07	Akari Saitou
CHGARO-003	CHGARO		08/11/07	Akari Saitou
EIGHT-102D	EIGHT		20/04/08	Akari Saitou
GGGG-017	GGGG		25/06/10	Akari Saitou
AILE-030	AILE		13/11/13	Aki Aoi
PIXY-026	PIXY		23/01/14	Aki Aoi
SHI-007	SHI		28/03/14	Aki Aoi
SCDV-19008	SCDV		13/10/06	Ako Fujiwara
BKDV-00225	BKDV		22/12/06	Ako Fujiwara
JMDV-107	JMDV		19/05/06	Ako Fujiwara
BBOB-0003	BBOB		25/11/07	Ako Fujiwara
BBOB-0004	BBOB		25/12/07	Ako Fujiwara
MWKD-5008	MWKD		27/03/07	Ako Fujiwara
MOR-006	MOR		26/04/07	Ako Fujiwara
PEACH-016D	PEACH		28/04/07	Ako Fujiwara
OHP-3001	OHP		18/05/07	Ako Fujiwara
PEACH-018D	PEACH		28/07/07	Ako Fujiwara
EIGHT-076D	EIGHT		18/08/07	Ako Fujiwara
DMSM-7270	DMSM		28/08/07	Ako Fujiwara
TWFK-001	TWFK		12/09/07	Ako Fujiwara
JSSJ-078	JSSJ		19/07/13	Ako Kimijima
PIST-038	PIST		22/09/13	Ako Kimijima
LINE-030	LINE		23/11/13	Ako Kimijima
JSSJ-108	JSSJ		20/06/14	Ako Kimijima
SWPI-002	SWPI		23/02/13	Akua Otsuki
SWPI-003	SWPI		23/04/13	Akua Otsuki
MMR-264	MMR		28/06/13	Akua Otsuki
SNNY-004	SNNY		23/08/13	Akua Otsuki
MMR-328	MMR		13/12/13	Akua Otsuki
BUQH-043	BUQH		25/02/14	Akua Otsuki
EICCP-068	EICCP		25/02/14	Akua Otsuki
SBVD-0225	SBVD		25/04/14	Akua Otsuki
ROUG-001	ROUG		25/06/14	Akua Otsuki
BSJDV-002	BSJDV		26/06/14	Akua Otsuki
JKSS-007	JKSS		23/08/14	Akua Otsuki
ROUG-002	ROUG		20/02/15	Akua Otsuki
ROUG-003	ROUG		24/06/15	Akua Otsuki
JMDV-232	JMDV		21/08/15	Akua Otsuki
POP-001	POP		23/10/13	Amane Watanabe
SNNY-006	SNNY		23/12/13	Amane Watanabe
PEACH-019D	PEACH		18/08/07	Ami Fujikawa
AHG-0013	AHG		25/09/07	Ami Fujikawa
TWFK-002	TWFK		10/10/07	Ami Fujikawa
PAND-005	PAND		27/10/07	Ami Fujikawa
EIGHT-089D	EIGHT		18/11/07	Ami Fujikawa
KBOOT-19	KBOOT		22/12/07	Ami Fujikawa
DMSM-7397	DMSM		25/12/07	Ami Fujikawa
KIDM-045	KIDM		15/02/08	Ami Fujikawa
Noah-38	Noah		21/12/07	Ami Fujikawa
DOLC-004	DOLC		20/07/12	Ami Ihara
MMR-197	MMR		28/09/12	Ami Ihara
OMEGA-068	OMEGA		23/11/12	Ami Suenaga
MMR-231	MMR		25/01/13	Ami Suenaga
LINE-028	LINE		23/04/13	Ami Suenaga
ENFD-5602	ENFD		21/11/14	Ami Yokoyama
JSSJ-038	JSSJ		16/03/12	Amina Watanabe
LINE-020	LINE		23/05/12	Amina Watanabe
MMR-190	MMR		27/07/12	Amina Watanabe
DOLC-005	DOLC		21/09/12	Amina Watanabe
PIST-034	PIST		23/11/12	Amina Watanabe
KNGA-001	KNGA		25/03/08	Anmi Akanishi
OHP-2015	OHP		18/04/08	Anmi Akanishi
KIDM-074	KIDM		25/07/08	Anmi Akanishi
KIDM-086	KIDM		26/09/08	Anmi Akanishi
GKSK-034	GKSK		07/11/08	Anmi Akanishi
KIDM-107	KIDM		26/12/08	Anmi Akanishi
SOPD-3820	SOPD		22/09/06	Anna Oonishi
CLR-4044	CLR		20/10/06	Anna Oonishi
WALZ-001	WALZ		24/01/07	Anna Oonishi
BKDV-00229	BKDV		25/01/07	Anna Oonishi
Noah-030	Noah		23/03/07	Anna Oonishi
GARO-016	GARO		31/03/07	Anna Oonishi
WAT-003	WAT		01/09/07	Anna Oonishi
GGGG-003	GGGG		07/09/07	Anna Oonishi
GGGG-004	GGGG		07/10/07	Anna Oonishi
WAT-008	WAT		01/12/07	Anna Oonishi
SHGAD-007	SHGAD		18/12/07	Anna Oonishi
WAT-012	WAT		01/06/08	Anna Oonishi
WAT-018	WAT		15/06/08	Anna Oonishi
MMDX-001	MMDX		27/06/08	Anna Oonishi
GPPP-007	GPPP		29/08/08	Anna Oonishi
SHGAR-003	SHGAR		29/09/08	Anna Oonishi
SHGAR-004	SHGAR		29/10/08	Anna Oonishi
WAT-015	WAT		10/12/08	Anna Oonishi
HMP-001	HMP		06/06/10	Anna Oonishi
HMP-002	HMP		08/08/10	Anna Oonishi
HMP-003	HMP		23/11/10	Anna Oonishi
HMP-005	HMP		25/12/10	Anna Oonishi
HMP-006	HMP		26/02/11	Anna Oonishi
HMP-007	HMP		10/04/11	Anna Oonishi
MSDV-001	MSDV		26/04/11	Anna Oonishi
HMP-008	HMP		20/05/11	Anna Oonishi
MSDV-003	MSDV		26/05/11	Anna Oonishi
HMP-009	HMP		10/06/11	Anna Oonishi
MSDV-004	MSDV		26/06/11	Anna Oonishi
MSDV-005	MSDV		26/07/11	Anna Oonishi
HMP-010	HMP		10/08/11	Anna Oonishi
MSDV-006	MSDV		26/08/11	Anna Oonishi
MSDV-007	MSDV		26/09/11	Anna Oonishi
MSDV-009	MSDV		26/11/11	Anna Oonishi
DYD-001	DYD		01/07/04	Anna Taniguchi
SCDV-19004	SCDV		29/05/06	Anna Taniguchi
ARC-008	ARC		01/11/06	Aoi Fujinaga
OHP-2002	OHP		17/11/06	Aoi Fujinaga
ILD-008	ILD		24/11/06	Aoi Fujinaga
PEACH-014D	PEACH		24/12/06	Aoi Fujinaga
BKDV-00234	BKDV		23/02/07	Aoi Fujinaga
WALZ-006	WALZ		24/04/07	Aoi Fujinaga
TBX-013	TBX		27/06/07	Aoi Fujinaga
EIGHT-078D	EIGHT		18/08/07	Aoi Fujinaga
JSSJ-042	JSSJ		29/06/12	Arai Hiina
LINE-023	LINE		23/10/12	Arai Hiina
MMR-193	MMR		25/01/13	Arai Hiina
MMR-247	MMR		29/03/13	Arai Hiina
SWPI-004	SWPI		23/05/13	Arai Hiina
HTC-008	HTC		19/07/13	Arai Hiina
JSSJ-077	JSSJ		19/07/13	Arai Hiina
HTC-009	HTC		24/08/13	Arai Hiina
MMR-297	MMR		27/09/13	Arai Hiina
SBKD-0089	SBKD		28/11/13	Arai Hiina
EICCB-034	EICCB		25/01/14	Arai Hiina
ZZZZ-015	ZZZZ		10/09/10	Arisa
GGGG-019	GGGG		31/12/10	Arisa
GGGG-021	GGGG		25/02/11	Arisa
ZZZZ-019	ZZZZ		25/02/11	Arisa
GPPP-018	GPPP		25/03/11	Arisa
XIVD-005	XIVD		22/04/11	Arisa
DW-020	DW		20/07/12	Arisa
BDZZ-506	BDZZ		09/08/13	Arisa
SIGP-001	SIGP		26/09/10	Arisa Machida
SIG-016	SIG		30/09/10	Arisa Machida
SIGD-008	SIGD		30/09/10	Arisa Machida
IMOY-006	IMOY		10/10/10	Arisa Machida
IMOG-173	IMOG		10/11/10	Arisa Machida
IMOJ-011	IMOJ		10/12/10	Arisa Machida
IMOG-180	IMOG		15/01/11	Arisa Machida
IMOM-177	IMOM		10/03/11	Arisa Machida
IDLX-001	IDLX		29/06/12	Arisa Machida
GTS-009	GTS		22/07/11	Arisa Machida
GTS-010	GTS		22/07/11	Arisa Machida
GTR-009	GTR		22/07/11	Arisa Machida
GTR-010	GTR		22/07/11	Arisa Machida
SIGP-002	SIGP		28/11/11	Arisa Machida
GTS-019	GTS		04/08/12	Arisa Machida
GTR-019	GTR		04/08/12	Arisa Machida
GTS-020	GTS		06/10/12	Arisa Machida
GTR-020	GTR		06/10/12	Arisa Machida
HISF-0014	HISF		28/11/12	Arisa Machida
REA-001	REA		21/12/12	Arisa Machida
FFARB-001	FFARB		13/12/13	Arisa Machida
FFAR-001	FFAR		13/12/13	Arisa Machida
PEAC-002	PEAC		23/01/13	Arisa Mizuhara
LINE-033	LINE		23/01/14	Arisa Natsu
PIST-046	PIST		23/03/14	Arisa Natsu
SHI-010	SHI		31/05/14	Arisa Natsu
SNYY-005	SNYY		30/07/14	Arisa Natsu
TASKS-024	TASKS		20/12/14	Arisa Natsu
MMR-310	MMR		01/11/13	Asaka Higashi
MMR-383	MMR		30/05/14	Asaka Higashi
MMR-386	MMR		30/05/14	Asaka Higashi
SBKD-0100	SBKD		29/07/14	Asaka Higashi
MMR-AD003	MMR		29/05/15	Asaka Higashi
SVBD-AD003	SVBD		29/05/15	Asaka Higashi
TSBS-81021	TSBS		19/06/15	Asaka Higashi
MMR-AR002	MMR		26/06/15	Asaka Higashi
SEDV-602	SEDV		01/10/06	Asami Kubota
DW-004	DW		01/08/07	Asami Kubota
KIDM-032	KIDM		05/10/07	Asami Kubota
KIDM-041	KIDM		25/01/08	Asami Kubota
KIDM-063	KIDM		30/05/08	Asami Kubota
KIDM-077	KIDM		08/08/08	Asami Kubota
KIDM-094	KIDM		31/10/08	Asami Kubota
KIDM-105	KIDM		12/12/08	Asami Kubota
KIDM-121	KIDM		27/03/09	Asami Kubota
KIDM-128	KIDM		15/05/09	Asami Kubota
KIDM-144	KIDM		28/08/09	Asami Kubota
KIDM-152	KIDM		16/10/09	Asami Kubota
CLR-4034	CLR		19/05/06	Ashida Misuzu
MMD-0008	MMD		15/10/06	Ashida Misuzu
BKDV-00223	BKDV		22/12/06	Ashida Misuzu
SOPD-3824	SOPD		19/01/07	Ashida Misuzu
Noah-031	Noah		20/04/07	Ashida Misuzu
WAT-001	WAT		15/05/07	Ashida Misuzu
WALZ-008	WALZ		25/06/07	Ashida Misuzu
WAT-002	WAT		15/07/07	Ashida Misuzu
GGGG-002	GGGG		07/08/07	Ashida Misuzu
WAT-004	WAT		01/09/07	Ashida Misuzu
WAT-003	WAT		01/09/07	Ashida Misuzu
GGGG-004	GGGG		07/10/07	Ashida Misuzu
WAT-007	WAT		01/12/07	Ashida Misuzu
MSR-08	MSR		21/03/08	Ashida Misuzu
SHGAR-002	SHGAR		28/04/08	Ashida Misuzu
WAT-011	WAT		10/05/08	Ashida Misuzu
MMDX-002	MMDX		27/06/08	Ashida Misuzu
WAT-015	WAT		10/12/08	Ashida Misuzu
MSDV-015	MSDV		26/05/12	Ashida Misuzu
INGO-007	INGO		26/08/05	Asuka Izumi
INGO-008	INGO		26/08/05	Asuka Izumi
INGO-009	INGO		22/09/05	Asuka Izumi
INGO-010	INGO		22/09/05	Asuka Izumi
ACTD-029	ACTD		28/10/05	Asuka Izumi
ASP-008	ASP		11/02/06	Asuka Izumi
SCDV-10145	SCDV		19/05/06	Asuka Izumi
IMOG-018	IMOG		30/07/06	Asuka Izumi
IMOS-012	IMOS		31/08/06	Asuka Izumi
SCDV-10152	SCDV		15/09/06	Asuka Izumi
SOPD-3822	SOPD		17/11/06	Asuka Izumi
SCDV-22004	SCDV		15/12/06	Asuka Izumi
SCDV-22008	SCDV		20/04/07	Asuka Izumi
SCDV-22010	SCDV		10/08/07	Asuka Izumi
SCDV-22014	SCDV		14/12/07	Asuka Izumi
ICDV-30007	ICDV		14/03/08	Asuka Izumi
LOVEDOL-008	LOVEDOL		30/09/08	Asuka Izumi
SOPD-9048	SOPD		16/01/09	Asuka Izumi
KU-016	KU		27/02/09	Asuka Izumi
KU-022	KU		24/04/09	Asuka Izumi
KU-023	KU		22/05/09	Asuka Izumi
SOPD-9051	SOPD		17/07/09	Asuka Izumi
KU-033	KU		30/10/09	Asuka Izumi
SOPD-8012	SOPD		18/12/09	Asuka Izumi
SOPD-9059	SOPD		22/01/10	Asuka Izumi
SOPD-9062	SOPD		16/04/10	Asuka Izumi
SOPD-9064	SOPD		18/02/11	Asuka Izumi
AILE-029	AILE		13/10/13	Aya Kuhou
JKDD-003	JKDD		23/12/13	Aya Kuhou
LGMD-01	LGMD		20/02/14	Aya Kuhou
SNYY-002	SNYY		28/04/14	Aya Kuhou
JKDD-007	JKDD		30/06/14	Aya Kuhou
WAJK-006	WAJK		23/08/14	Aya Kuhou
SHI-015	SHI		28/10/14	Aya Kuhou
TSDV-41539	TSDV		21/06/13	Aya Kuwata
SBVB-0017	SBVB		28/03/14	Aya Kuwata
SBVD-0221	SBVD		28/03/14	Aya Kuwata
SCDV-19018	SCDV		10/08/07	Ayaka Ito
Noah-45	Noah		23/05/08	Ayaka Ito
KIDM-016	KIDM		30/03/07	Ayaka Ito
OHP-2003	OHP		N/A	Ayaka Ito
FEIR-0069	FEIR		16/06/12	Ayaka Kasuga
PIXY-002	PIXY		23/08/12	Ayaka Kasuga
MIU-009	MIU		19/10/12	Ayaka Kasuga
HTC-005	HTC		07/12/12	Ayaka Kasuga
HTC-006	HTC		21/12/12	Ayaka Kasuga
SBKD-0064	SBKD		25/12/12	Ayaka Kasuga
MMR-243	MMR		22/02/13	Ayaka Kasuga
BSTAR-021	BSTAR		26/04/13	Ayaka Kasuga
DSTAR-021	DSTAR		26/04/13	Ayaka Kasuga
DSTAR-024	DSTAR		28/06/13	Ayaka Kasuga
BSTAR-024	BSTAR		28/06/13	Ayaka Kasuga
TSDV-41556	TSDV		30/08/13	Ayaka Kasuga
MIU-016	MIU		22/11/13	Ayaka Kasuga
MMR-351	MMR		31/01/14	Ayaka Kasuga
SBKD-0095	SBKD		28/03/14	Ayaka Kasuga
TASKS-027	TASKS		20/04/15	Ayaka Kasuga
HPF-03	HPF		17/07/15	Ayaka Kasuga
ZEUSFB-004	ZEUSFB		16/11/16	Ayaka Kasuga
MMR-345	MMR		31/01/14	Ayaka Okita
MMR-372	MMR		25/04/14	Ayaka Okita
MMR-386	MMR		30/05/14	Ayaka Okita
SBKD-0099	SBKD		27/06/14	Ayaka Okita
MMR-CR002	MMR		27/06/14	Ayaka Okita
TSDV-41666	TSDV		22/08/14	Ayaka Okita
HTC-012	HTC		19/09/14	Ayaka Okita
MMR-CR004	MMR		26/09/14	Ayaka Okita
MMR-AD001	MMR		07/11/14	Ayaka Okita
SVBD-AD001	SVBD		07/11/14	Ayaka Okita
MMR-AD002	MMR		30/01/15	Ayaka Okita
SVBD-AD002	SVBD		30/01/15	Ayaka Okita
MMR-AZ011	MMR		27/03/15	Ayaka Okita
SVBD-AZ002	SVBD		27/03/15	Ayaka Okita
MMR-AZ013	MMR		29/05/15	Ayaka Okita
SVBD-AZ003	SVBD		29/05/15	Ayaka Okita
MMR-AR002	MMR		26/06/15	Ayaka Okita
SBKB-0010	SBKB		29/09/15	Ayaka Okita
SBKD-0129	SBKD		29/09/15	Ayaka Okita
QHL-018	QHL		25/11/15	Ayaka Okita
SBKD-0135	SBKD		29/01/16	Ayaka Okita
SBKB-0011	SBKB		29/01/16	Ayaka Okita
SBKD-0141	SBKD		29/06/16	Ayaka Okita
SBKB-0013	SBKB		29/06/16	Ayaka Okita
QHL-019	QHL		25/09/16	Ayaka Okita
CPSKY-116	CPSKY		18/09/09	Ayaka Ootani
CPSKY-217	CPSKY		15/04/11	Ayaka Ootani
SMAC-008	SMAC		08/07/11	Ayaka Ootani
TBOG-002	TBOG		21/01/12	Ayaka Ootani
TBSP-005	TBSP		24/02/12	Ayaka Ootani
SMAC-022	SMAC		21/04/12	Ayaka Ootani
AOSBD-002	AOSBD		21/04/12	Ayaka Ootani
TB-002	TB		27/05/12	Ayaka Ootani
SMAC-036	SMAC		18/08/12	Ayaka Ootani
TBOG-008	TBOG		18/08/12	Ayaka Ootani
AOSBD-015	AOSBD		18/08/12	Ayaka Ootani
AOSBD-021	AOSBD		27/08/12	Ayaka Ootani
CPSKY-132	CPSKY		18/12/09	Ayaka Ootani
CPSKY-137	CPSKY		08/01/10	Ayaka Ootani
CPSKY-142	CPSKY		05/02/10	Ayaka Ootani
CPSKY-166	CPSKY		11/06/10	Ayaka Ootani
CPSKY-182	CPSKY		15/10/10	Ayaka Ootani
CPSKY-197	CPSKY		14/01/11	Ayaka Ootani
CPSKY-196	CPSKY		14/01/11	Ayaka Ootani
FEIR-0069	FEIR		16/06/12	Ayaka Sakuga
PIXY-002	PIXY		23/08/12	Ayaka Sakuga
MIU-009	MIU		19/10/12	Ayaka Sakuga
SBKD-0064	SBKD		25/12/12	Ayaka Sakuga
MMR-243	MMR		22/02/13	Ayaka Sakuga
BSTAR-021	BSTAR		26/04/13	Ayaka Sakuga
BSTAR-024	BSTAR		28/06/13	Ayaka Sakuga
TSDV-41556	TSDV		30/08/13	Ayaka Sakuga
MIST-016	MIST		22/11/13	Ayaka Sakuga
MMR-351	MMR		31/01/14	Ayaka Sakuga
SBKD-0095	SBKD		28/03/14	Ayaka Sakuga
TASKS-027	TASKS		20/04/15	Ayaka Sakuga
HPF-003	HPF		17/07/15	Ayaka Sakuga
ZEUSFB-007	ZEUSFB		16/11/16	Ayaka Sakuga
PEAC-017	PEAC		23/09/13	Ayaka Shirai
JMRD-0005	JMRD		29/06/12	Ayaka Watanabe
MMR-299	MMR		27/09/13	Ayame Goto
MMR-316	MMR		22/11/13	Ayame Goto
KODV-00108	KODV		25/09/09	Ayana Nishinaga
SCK-1001	SCK		19/02/10	Ayana Nishinaga
FEIR-019	FEIR		16/11/10	Ayana Nishinaga
EICCB-004	EICCB		25/01/11	Ayana Nishinaga
MMR-130	MMR		25/02/11	Ayana Nishinaga
FEIR-035	FEIR		16/06/11	Ayana Nishinaga
FEIR-044	FEIR		16/09/11	Ayana Nishinaga
MMR-162	MMR		16/12/11	Ayana Nishinaga
GJOS-027	GJOS		25/02/12	Ayana Nishinaga
IMBD-070	IMBD		25/02/12	Ayana Nishinaga
IMOG-249	IMOG		25/04/12	Ayana Nishinaga
IMBD-082	IMBD		25/04/12	Ayana Nishinaga
SBKD-0056	SBKD		30/07/12	Ayana Nishinaga
ZEUS-002	ZEUS		10/09/12	Ayana Nishinaga
PIXY-007	PIXY		23/11/12	Ayana Nishinaga
MMR-251	MMR		19/04/13	Ayana Nishinaga
SPG-16	SPG		31/08/13	Ayana Nishinaga
XAM-083	XAM		21/12/13	Ayana Nishinaga
MMR-363	MMR		28/03/14	Ayana Nishinaga
OHP-3001	OHP		18/05/07	Ayay Fujimoto
PEACH-016D	PEACH		28/04/07	Ayay Fujimoto
MTF-007	MTF		18/01/08	Ayay Fujimoto
MTF-008	MTF		15/02/08	Ayay Fujimoto
JSSJ-047	JSSJ		21/09/12	Azusa Manaka
JSSJ-053	JSSJ		23/11/12	Azusa Manaka
OMGZ-069	OMGZ		26/01/13	Azusa Manaka
PIST-035	PIST		23/03/13	Azusa Manaka
JSSJ-150	JSSJ		16/10/15	Chia Kinoshita
MMR-AA036	MMR		18/12/15	Chia Kinoshita
MBR-045	MBR		26/10/07	Chieri Taneda
KU-010	KU		22/08/08	Chieri Taneda
TRID-087	TRID		21/02/09	Chieri Taneda
SBKD-0004	SBKD		22/09/06	Chihiro Ueno
ILD-001	ILD		29/09/06	Chihiro Ueno
SOPD-3821	SOPD		20/10/06	Chihiro Ueno
KQT-084	KQT		22/12/06	Chihiro Ueno
SOPD-3823	SOPD		22/12/06	Chihiro Ueno
SOPD-3825	SOPD		16/02/07	Chihiro Ueno
TASKJ-010	TASKJ		20/03/07	Chihiro Ueno
lovedol-003	lovedol		25/08/07	Chihiro Ueno
IMOG-023	IMOG		25/12/06	Chihiro Ueno
MMR-040	MMR		20/07/07	Chihiro Ueno
MMR-043	MMR		28/09/07	Chihiro Ueno
OHP-017	OHP		16/03/07	Chiho Haruna
SCDV-19016	SCDV		01/06/07	Chiho Haruna
PEAI-012	PEAI		23/10/13	Chinatsu Tamai
PEAI-015	PEAI		13/12/13	Chinatsu Tamai
RITZ-001	RITZ		13/02/14	Chinatsu Tamai
RITZ-004	RITZ		13/04/14	Chinatsu Tamai
SKBK-001	SKBK		13/06/14	Chinatsu Tamai
RITZB-001	RITZB		23/08/14	Chinatsu Tamai
SKBK-006	SKBK		13/12/14	Chinatsu Tamai
MMR-242	MMR		22/02/13	Ema Nakajima
PIST-036	PIST		23/04/13	Ema Nakajima
MMR-265	MMR		28/06/13	Ema Nakajima
SNNE-002	SNNE		23/08/13	Ema Nakajima
JSSJ-086	JSSJ		18/10/13	Ema Nakajima
MMR-331	MMR		13/12/13	Ema Nakajima
MCAD-001	MCAD		23/09/12	Emiri Tachibana
PUG-001	PUG		31/10/12	Emiri Tachibana
ENFD-5462	ENFD		24/05/13	Emiri Tachibana
GUILD-046	GUILD		19/09/13	Emiri Tachibana
SOPA-046	SOPA		13/12/13	Emiri Tachibana
SBVD-0223	SBVD		28/03/14	Emiri Tachibana
TRST-0214	TRST		27/03/15	Emiri Tachibana
ICDV-30023	ICDV		15/05/09	Eri Kayama
SCDV-10169	SCDV		12/10/07	Eri Kayama
ICDV-30014	ICDV		01/08/08	Eri Kayama
PIXY-005	PIXY		30/10/12	Eri Sasaki
PDOL-004	PDOL		23/12/12	Eri Sasaki
PIXY-012	PIXY		23/02/13	Eri Sasaki
DSTAR-022	DSTAR		26/04/13	Eri Sasaki
TSDV-41546	TSDV		26/07/13	Eri Sasaki
SKIP-049	SKIP		25/10/08	Erika Aoba
ARC-010	ARC		19/12/06	Erika Fujimiya
TBX-008	TBX		25/04/07	Erika Fujimiya
PEACH-016D	PEACH		28/04/07	Erika Fujimiya
OHP-3002	OHP		22/06/07	Erika Fujimiya
WALZ-009	WALZ		25/06/07	Erika Fujimiya
SCDV-24007	SCDV		27/07/07	Erika Fujimiya
PEACH-019D	PEACH		18/08/07	Erika Fujimiya
KBOOT-13	KBOOT		28/09/07	Erika Fujimiya
OHP-3006	OHP		19/10/07	Erika Fujimiya
PAND-010	PAND		18/12/07	Erika Fujimiya
MOR-1004	MOR		20/12/07	Erika Fujimiya
MTF-007	MTF		18/01/08	Erika Fujimiya
GOKU-032D	GOKU		26/01/08	Erika Fujimiya
BBOB-002	BBOB		25/09/07	Erika Fujimiya
SBKD-0026	SBKD		29/03/11	Eriko Mizusawa
TOKYO-004	TOKYO		06/05/11	Eriko Mizusawa
TOKYO-006	TOKYO		03/06/11	Eriko Mizusawa
TOKYO-009	TOKYO		15/07/11	Eriko Mizusawa
TOKYO-011	TOKYO		19/08/11	Eriko Mizusawa
TOKYO-014	TOKYO		16/09/11	Eriko Mizusawa
CHAMA-13	CHAMA		30/09/11	Eriko Mizusawa
DOKAN-001	DOKAN		07/10/11	Eriko Mizusawa
PLG-002	PLG		04/11/11	Eriko Mizusawa
TOKYO-019	TOKYO		04/11/11	Eriko Mizusawa
HTC-001	HTC		18/11/11	Eriko Mizusawa
HTC-002	HTC		16/12/11	Eriko Mizusawa
TOKYO-024	TOKYO		06/01/12	Eriko Mizusawa
TOKYO-029	TOKYO		17/02/12	Eriko Mizusawa
DOKAN-003	DOKAN		30/03/12	Eriko Mizusawa
TOKYO-035	TOKYO		20/04/12	Eriko Mizusawa
GUILD-004	GUILD		23/05/12	Eriko Mizusawa
TOKYO-039	TOKYO		01/06/12	Eriko Mizusawa
TOKYO-043	TOKYO		20/07/12	Eriko Mizusawa
HTC-003	HTC		20/07/12	Eriko Mizusawa
HTC-004	HTC		18/08/12	Eriko Mizusawa
JMKD-0004	JMKD		30/08/12	Eriko Mizusawa
HTC-007	HTC		21/06/13	Eriko Mizusawa
PEAI-007	PEAI		23/08/13	Fukase Nana
PEAI-010	PEAI		13/10/13	Fukase Nana
PEAI-014	PEAI		13/12/13	Fukase Nana
SBKD-0093	SBKD		27/02/14	Fukase Nana
OUTN-0001	OUTN		16/03/14	Fukase Nana
OUTN-0002	OUTN		16/04/14	Fukase Nana
ICDV-30186	ICDV		18/04/14	Fukase Nana
OUTN-0003	OUTN		16/05/14	Fukase Nana
JMKD-0022	JMKD		27/06/14	Fukase Nana
OUTN-0005	OUTN		16/07/14	Fukase Nana
OUTN-0006	OUTN		16/08/14	Fukase Nana
ICDV-30204	ICDV		22/08/14	Fukase Nana
OUTN-0007	OUTN		16/09/14	Fukase Nana
OUTN-0008	OUTN		16/10/14	Fukase Nana
ICDV-30214	ICDV		19/12/14	Fukase Nana
JMKD-0031	JMKD		27/02/15	Fukase Nana
TUBR-001	TUBR		17/01/14	Futami Madoka
CTLD-001	CTLD		23/02/14	Futami Madoka
SKIP-016	SKIP		26/09/07	Hana Nishino
SKIP-029	SKIP		28/12/07	Hana Nishino
ICDV-30009	ICDV		02/05/08	Hana Nishino
ICDV-30015	ICDV		05/09/08	Hana Nishino
SKIB-003	SKIB		27/09/08	Hana Nishino
ICDV-30028	ICDV		11/12/09	Hana Nishino
MM-028	MM		27/07/11	Hana Nishino
CPSKY-105	CPSKY		07/08/09	Haru Hoshina
SNM-001	SNM		06/11/09	Haru Hoshina
CPDR-016	CPDR		13/01/10	Haru Hoshina
CPDR-017	CPDR		13/01/10	Haru Hoshina
SNM-010	SNM		12/02/10	Haru Hoshina
SNM-030	SNM		11/02/11	Haru Hoshina
SNM-034	SNM		01/07/11	Haru Hoshina
ZEUS-010	ZEUS		10/06/14	Haru Hoshina
ORGA-013	ORGA		23/08/14	Haru Hoshina
ORGAB-013	ORGAB		23/08/14	Haru Hoshina
ORSA-013	ORSA		23/08/14	Haru Hoshina
ORSAB-013	ORSAB		23/08/14	Haru Hoshina
ORGLB-012	ORGLB		23/11/14	Haru Hoshina
ORGL-012	ORGL		30/11/14	Haru Hoshina
ORSL-012	ORSL		30/11/14	Haru Hoshina
ORSLB-012	ORSLB		30/11/14	Haru Hoshina
BUBT-005	BUBT		20/04/15	Haru Hoshina
BUBD-005	BUBD		20/04/15	Haru Hoshina
ORSS-002	ORSS		25/02/17	Haru Hoshina
ORSSB-002	ORSSB		25/02/17	Haru Hoshina
ORSP-002	ORSP		25/02/17	Haru Hoshina
ORSPB-002	ORSPB		25/02/17	Haru Hoshina
MBR-049	MBR		21/12/07	Haruka Inui
mgbr-010	mgbr		10/01/15	Haruka Kurasawa
mgdvd-010	mgdvd		10/01/15	Haruka Kurasawa
mgdvd-021	mgdvd		23/05/15	Haruka Kurasawa
ORGA-034	ORGA		30/09/15	Haruka Kurasawa
ORSAB-034	ORSAB		10/10/15	Haruka Kurasawa
ORSA-034	ORSA		10/10/15	Haruka Kurasawa
ORGAB-034	ORGAB		10/10/15	Haruka Kurasawa
SBKD-0133	SBKD		28/11/15	Haruka Kurasawa
SBKD-0136	SBKD		27/02/16	Haruka Kurasawa
SMAC-047	SMAC		17/11/12	Haruka Nagasawa
AOSBD-026	AOSBD		17/11/12	Haruka Nagasawa
TSDV-41558	TSDV		30/08/13	Haruka Nagasawa
MMR-323	MMR		22/11/13	Haruka Nagasawa
CRLS-010	CRLS		03/02/12	Haruna Kurosawa
CRLS-013	CRLS		27/04/12	Haruna Kurosawa
CRLS-018	CRLS		27/02/13	Haruna Kurosawa
JSSJ-085	JSSJ		18/10/13	Hatsuna Yamada
OMD-013	OMD		21/05/04	Hatsune Matsushima
EIGHT-007D	EIGHT		26/08/04	Hatsune Matsushima
ZTAWO-864	ZTAWO		18/10/04	Hatsune Matsushima
LCDV-20133	LCDV		20/03/05	Hatsune Matsushima
FDGD-0120	FDGD		25/09/06	Hatsune Matsushima
AILE-018	AILE		23/02/13	Hikari Aizawa
PEAI-002	PEAI		13/06/13	Hikari Aizawa
PEAI-005	PEAI		13/07/13	Hikari Aizawa
PEAI-009	PEAI		23/09/13	Hikari Aizawa
PEAI-013	PEAI		13/11/13	Hikari Aizawa
PEAI-017	PEAI		13/01/14	Hikari Aizawa
SBKD-0092	SBKD		30/01/14	Hikari Aizawa
MIU-019	MIU		23/03/14	Hikari Aizawa
JSSJ-044	JSSJ		20/07/12	Hikari Maeda
JSSJ-048	JSSJ		21/09/12	Hikari Maeda
MMR-220	MMR		14/12/12	Hikari Maeda
LINE-026	LINE		23/02/13	Hikari Maeda
MMR-262	MMR		31/05/13	Hikari Maeda
FEIR-0085	FEIR		25/10/13	Hikari Maeda
IMOM-148	IMOM		28/09/10	Hikaru Takahashi
FEIR-0022	FEIR		16/12/10	Hikaru Takahashi
ICDV-31302	ICDV		28/04/11	Hikaru Takahashi
BSTAR-001	BSTAR		28/10/11	Hikaru Takahashi
DSTAR-001	DSTAR		28/10/11	Hikaru Takahashi
SOPAB-001	SOPAB		24/02/12	Hikaru Takahashi
SOPA-001	SOPA		24/02/12	Hikaru Takahashi
BSTAR-006	BSTAR		25/05/12	Hikaru Takahashi
DSTAR-006	DSTAR		25/05/12	Hikaru Takahashi
FRSM-0007	FRSM		30/07/12	Hikaru Takahashi
BSTAR-013	BSTAR		26/10/12	Hikaru Takahashi
DSTAR-013	DSTAR		26/10/12	Hikaru Takahashi
GUILD-023	GUILD		20/12/12	Hikaru Takahashi
DSTAR-019	DSTAR		29/03/13	Hikaru Takahashi
PIXY-016	PIXY		23/05/13	Hikaru Takahashi
LCDV-40612	LCDV		20/11/13	Hikaru Takahashi
TOKYO-050	TOKYO		19/10/12	Himeka Nakazawa
TOKYO-055	TOKYO		21/12/12	Himeka Nakazawa
TOKYO-058	TOKYO		15/02/13	Himeka Nakazawa
ICDV-30124	ICDV		15/03/13	Himeka Nakazawa
JMKD-0014	JMKD		26/04/13	Himeka Nakazawa
CLSC-001	CLSC		17/05/13	Himeka Nakazawa
SBKD-0082	SBKD		26/07/13	Himeka Nakazawa
CLSC-005	CLSC		23/08/13	Himeka Nakazawa
CLSC-006	CLSC		06/09/13	Himeka Nakazawa
CLSC-008	CLSC		04/10/13	Himeka Nakazawa
TSDV-41599	TSDV		20/12/13	Himeka Nakazawa
CLSC-012	CLSC		24/01/14	Himeka Nakazawa
PRNS-04	PRNS		31/01/14	Himeka Nakazawa
OUTN-0001	OUTN		16/03/14	Himeka Nakazawa
TASKJ-147	TASKJ		20/03/14	Himeka Nakazawa
OUTN-0002	OUTN		16/04/14	Himeka Nakazawa
PRNS-06	PRNS		30/04/14	Himeka Nakazawa
OUTN-0003	OUTN		16/05/14	Himeka Nakazawa
JSSJ-062	JSSJ		22/02/13	Hina Nishikawa
SWPI-001	SWPI		23/01/13	Hinata Aoba
JSSJ-063	JSSJ		22/03/13	Hinata Aoba
GJJJ-001	GJJJ		05/04/13	Hinata Aoba
MMR-257	MMR		31/05/13	Hinata Aoba
SNNE-001	SNNE		23/07/13	Hinata Aoba
SNNY-005	SNNY		23/09/13	Hinata Aoba
MMR-315	MMR		22/11/13	Hinata Aoba
JSSJ-095	JSSJ		14/01/14	Hinata Aoba
JKSS-005	JKSS		23/06/14	Hinata Aoba
SNYY-006	SNYY		28/08/14	Hinata Aoba
TOMATO-004	TOMATO		10/05/15	Hinata Aoba
GOD-082	GOD		07/01/11	Hiro Konno
GOD-093	GOD		18/03/11	Hiro Konno
JSSJ-118	JSSJ		19/09/14	Hiyori Yamasaki
MMR-AA003	MMR		28/11/14	Hiyori Yamasaki
AILE-001	AILE		23/02/12	Honoka Kawai
CUM-008	CUM		18/04/12	Honoka Kawai
AILE-005	AILE		23/06/12	Honoka Kawai
SWPT-004	SWPT		15/09/12	Honoka Kawai
AILE-014	AILE		13/01/13	Honoka Kawai
AILE-022	AILE		13/04/13	Honoka Kawai
AILE-025	AILE		23/07/13	Honoka Kawai
AILE-501	AILE		13/08/13	Honoka Kawai
JKDD-001	JKDD		30/09/13	Honoka Kawai
JKDD-002	JKDD		30/11/13	Honoka Kawai
JKDD-004	JKDD		31/01/14	Honoka Kawai
JKDD-005	JKDD		31/03/14	Honoka Kawai
JKDD-006	JKDD		31/05/14	Honoka Kawai
SHI-011	SHI		28/06/14	Honoka Kawai
CTLD-006	CTLD		23/08/14	Honoka Kawai
AILEB-002	AILEB		13/11/14	Honoka Kawai
GKSK-019	GKSK		04/04/08	Honoka Maki
OHP-059	OHP		17/04/09	Honoka Maki
OHP-2009	OHP		21/12/07	Honoka Maki
OHP-3007	OHP		18/01/08	Honoka Maki
CRLS-019	CRLS		29/03/13	Ichigo Eguchi
JSSJ-072	JSSJ		21/06/13	Irie Koharu
PDOL-013	PDOL		23/09/13	Irie Koharu
VEIS-001	VEIS		10/08/07	Isa Aoki
GARO-021	GARO		26/08/07	Isa Aoki
GGGG-004	GGGG		07/10/07	Isa Aoki
LOLITA	LOLITA		25/11/07	Isa Aoki
SHGAD-005	SHGAD		27/11/07	Isa Aoki
OHP-2010	OHP		18/01/08	Isa Aoki
VDOB-0005	VDOB		25/03/08	Isa Aoki
GKSK-020	GKSK		04/04/08	Isa Aoki
OHP-3008	OHP		18/04/08	Isa Aoki
Meister-12	Meister		27/06/08	Isa Aoki
COJD-015	COJD		29/07/08	Isa Aoki
DAND-003	DAND		04/08/08	Isa Aoki
LINE-001	LINE		14/09/08	Isa Aoki
OHP-049	OHP		21/11/08	Isa Aoki
OHP-3013	OHP		16/01/09	Isa Aoki
GKSKW-041	GKSKW		05/02/09	Isa Aoki
RM-003	RM		01/03/09	Isa Aoki
UPGD-001S	UPGD		20/03/09	Isa Aoki
RM-005	RM		22/05/09	Isa Aoki
RM-006	RM		26/06/09	Isa Aoki
JSSJ-001	JSSJ		24/07/09	Isa Aoki
JSSJ-007	JSSJ		25/09/09	Isa Aoki
JSSJ-008	JSSJ		23/10/09	Isa Aoki
SOPD-6014	SOPD		22/01/10	Isa Aoki
PIXY-013	PIXY		28/02/13	Izumi Hiyori
TASKJ-135	TASKJ		20/04/13	Izumi Hiyori
PIXY-017	PIXY		23/06/13	Izumi Hiyori
PDOL-012	PDOL		23/08/13	Izumi Hiyori
MIU-015	MIU		18/10/13	Izumi Hiyori
SHI-004	SHI		28/12/13	Izumi Hiyori
PIXY-027	PIXY		23/02/14	Izumi Hiyori
SHI-009	SHI		28/04/14	Izumi Hiyori
SOPA-009	SOPA		20/06/14	Izumi Hiyori
SBVD-0248	SBVD		26/09/14	Izumi Hiyori
IMBD-306	IMBD		20/12/14	Izumi Hiyori
IMOU-015	IMOU		20/12/14	Izumi Hiyori
MMR-AQ003	MMR		29/05/15	Izumi Hiyori
MMR-AQ013	MMR		27/11/15	Izumi Hiyori
MMR-AQ020	MMR		25/03/16	Izumi Hiyori
DMSM-7323	DMSM		25/10/07	Jennifer Kurosawa
SCDV-19017	SCDV		27/07/07	Jennifer Kurosawa
KIDM-049	KIDM		14/03/08	Jennifer Kurosawa
ENFD-561	ENFD		23/01/15	Jun Serizawa
TSDS-42055	TSDS		24/04/15	Jun Serizawa
TSBS-81016	TSBS		24/04/15	Jun Serizawa
LCDV-40706	LCDV		20/08/15	Jun Serizawa
ENFD-5709	ENFD		24/03/16	Jun Serizawa
MILK	#VALUE!		11/11/06	Kahi Suzukawa
MILK-04	MILK		01/12/06	Kahi Suzukawa
MILK-05	MILK		26/12/06	Kahi Suzukawa
OHP-2006	OHP		20/04/07	Kahi Suzukawa
SCDV-24005	SCDV		29/06/07	Kahi Suzukawa
OHP-3003	OHP		20/07/07	Kahi Suzukawa
TASKJ-025	TASKJ		20/10/07	Kahi Suzukawa
MMR-359	MMR		28/02/14	Kairi Mizuki
MMR-385	MMR		30/05/14	Kairi Mizuki
TSDV-41668	TSDV		22/08/14	Kairi Mizuki
MMR-AK001	MMR		28/11/14	Kairi Mizuki
MMR-AK010	MMR		27/02/15	Kairi Mizuki
MMR-AK015	MMR		29/05/15	Kairi Mizuki
TASKS-045	TASKS		20/02/16	Kairi Mizuki
TASKR-035	TASKR		20/02/16	Kairi Mizuki
SCDV-10151	SCDV		25/08/06	Kana Anzai
TASKJ-004	TASKJ		20/12/06	Kana Anzai
SCDV-10161	SCDV		02/03/07	Kana Anzai
MMD-0012	MMD		22/06/07	Kana Anzai
FI-023	FI		27/09/07	Kana Anzai
TASKJ-034	TASKJ		20/03/08	Kana Anzai
HOLA-005	HOLA		25/08/08	Kana Anzai
TASKJ-047	TASKJ		20/11/08	Kana Anzai
TASKJ-054	TASKJ		20/04/09	Kana Anzai
TASKJ-061	TASKJ		20/08/09	Kana Anzai
TASKJ-065	TASKJ		20/11/09	Kana Anzai
TASKJ-069	TASKJ		20/02/10	Kana Anzai
TASKJ-074	TASKJ		20/05/10	Kana Anzai
TASKJ-082	TASKJ		20/09/10	Kana Anzai
TASKJ-089	TASKJ		20/01/11	Kana Anzai
TASKJ-095	TASKJ		20/04/11	Kana Anzai
MM-097	MM		26/07/13	Kana Anzai
TASKJ-101	TASKJ		20/07/11	Kana Anzai
MMR-171	MMR		24/02/12	Kana Anzai
DOLC-002	DOLC		18/05/12	Kana Anzai
REIO-010	REIO		30/07/12	Kana Anzai
MMR-273	MMR		26/07/13	Kana Anzai
JSSJ-029	JSSJ		16/09/11	Kana Takasugi
JSSJ-031	JSSJ		18/11/11	Kana Takasugi
TRSF-031	TRSF		21/01/12	Kana Takasugi
JSSJ-039	JSSJ		20/04/12	Kana Takasugi
SBVD-0145	SBVD		29/06/12	Kana Takasugi
MMR-198	MMR		28/09/12	Kana Takasugi
JSSJT-001	JSSJT		19/10/12	Kana Takasugi
JSSJ-052	JSSJ		23/11/12	Kana Takasugi
MMR-235	MMR		25/01/13	Kana Takasugi
JSSJ-067	JSSJ		19/04/13	Kana Takasugi
RM-002	RM		23/01/09	Kanno Momo
LINE-008	LINE		14/03/09	Kanno Momo
KU-025	KU		26/06/09	Kanno Momo
JSSJ-003	JSSJ		24/07/09	Kanno Momo
LINE-003	LINE		15/11/08	Kanon Tsuki
DAND-006	DAND		05/12/08	Kanon Tsuki
GKSK-040	GKSK		05/02/09	Kanon Tsuki
DAND-008	DAND		06/03/09	Kanon Tsuki
UPGD-003	UPGD		17/04/09	Kanon Tsuki
LINE-011	LINE		13/06/09	Kanon Tsuki
SCDV-19001	SCDV		03/02/06	Kaori Osaki
DMSM-6828	DMSM		25/09/06	Kaori Osaki
JSSJ-017	JSSJ		18/06/10	Karen Arai
MMR-AA024	MMR		28/08/15	Karen Hayama
MMR-AA028	MMR		30/10/15	Karen Hayama
JSSJ-154	JSSJ		18/12/15	Karen Hayama
TRID-225	TRID		22/09/12	Karen Kobayashi
DSTAR-015	DSTAR		25/01/13	Karen Kobayashi
DSTAR-020	DSTAR		26/04/13	Karen Kobayashi
BSTAR-020	BSTAR		26/04/13	Karen Kobayashi
DSTAR-025	DSTAR		26/07/13	Karen Kobayashi
BSTAR-025	BSTAR		26/07/13	Karen Kobayashi
SSE-9001	SSE		25/10/13	Karen Kobayashi
ENFD-5527	ENFD		24/01/14	Karen Kobayashi
TSDV-41640	TSDV		23/05/14	Karen Kobayashi
XAM-100	XAM		27/08/14	Karen Kobayashi
DSTAR-027	DSTAR		28/11/14	Karen Kobayashi
LCDV-40680	LCDV		20/02/15	Karen Kobayashi
IMOM-174	IMOM		10/02/11	Karen Nishino
IMOG-204	IMOG		10/05/11	Karen Nishino
IMOL-013	IMOL		10/07/11	Karen Nishino
IMOF-091	IMOF		10/10/11	Karen Nishino
IMBD-042	IMBD		25/10/11	Karen Nishino
IMBD-052	IMBD		10/12/11	Karen Nishino
IMOG-230	IMOG		10/12/11	Karen Nishino
IMOL-028	IMOL		10/02/12	Karen Nishino
IMBD-066	IMBD		10/02/12	Karen Nishino
IMOF-104	IMOF		25/02/12	Karen Nishino
IMBD-079	IMBD		10/04/12	Karen Nishino
IMOG-247	IMOG		10/04/12	Karen Nishino
IMBD-091	IMBD		10/06/12	Karen Nishino
IMOL-032	IMOL		10/06/12	Karen Nishino
IMOF-117	IMOF		25/07/12	Karen Nishino
IMBD-107	IMBD		25/08/12	Karen Nishino
IMOT-009	IMOT		25/08/12	Karen Nishino
IMOT-012	IMOT		25/09/12	Karen Nishino
IMBD-113	IMBD		25/09/12	Karen Nishino
IMOF-127	IMOF		25/11/12	Karen Nishino
IMOU-010	IMOU		22/12/12	Karen Nishino
IMBD-133	IMBD		22/12/12	Karen Nishino
IMBD-150	IMBD		10/02/13	Karen Nishino
IMOT-018	IMOT		10/02/13	Karen Nishino
IMBD-165	IMBD		25/04/13	Karen Nishino
IMWL-012	IMWL		25/04/13	Karen Nishino
IMOQ-014	IMOQ		25/06/13	Karen Nishino
IMBD-180	IMBD		25/06/13	Karen Nishino
IMBD-195	IMBD		25/08/13	Karen Nishino
IMOF-144	IMOF		25/08/13	Karen Nishino
IMWL-020	IMWL		25/08/13	Karen Nishino
IMOT-026	IMOT		25/10/13	Karen Nishino
IMBD-208	IMBD		25/10/13	Karen Nishino
IMBD-221	IMBD		10/12/13	Karen Nishino
IMWL-026	IMWL		10/12/13	Karen Nishino
DUND-001	DUND		25/05/17	Karen Nishino
PRTN-06	PRTN		31/07/12	Karen Nishino
PRTN-10	PRTN		26/10/12	Karen Nishino
PRTN-12	PRTN		29/03/13	Karen Nishino
PRNS-03	PRNS		30/11/13	Karen Nishino
ARH-002	ARH		10/06/12	Karen Tsukishima
ARH-006	ARH		10/07/12	Karen Tsukishima
BLR-001	BLR		20/07/12	Karen Tsukishima
ARS-001	ARS		10/08/12	Karen Tsukishima
HNS-001	HNS		10/11/12	Karen Tsukishima
GTRB-001	GTRB		28/12/12	Karen Tsukishima
ARHB-002	ARHB		20/03/13	Karen Tsukishima
GTRB-006	GTRB		20/12/13	Karen Tsukishima
MMR-160	MMR		16/12/11	Karen Uehara
LLCJ-006	LLCJ		17/02/12	Karen Uehara
JTDV-020	JTDV		26/01/07	Kasahara Marina
OHP-022	OHP		22/06/07	Kasahara Marina
DAND-003	DAND		04/08/08	Kasahara Marina
JSSJ-034	JSSJ		27/01/12	Katou Marin
JSSJ-037	JSSJ		16/03/12	Katou Marin
PRTN-02	PRTN		31/05/12	Katou Marin
GUILD-011	GUILD		23/07/12	Katou Marin
GUILD-017	GUILD		20/09/12	Katou Marin
JSSJT-001	JSSJT		19/10/12	Katou Marin
MMR-223	MMR		14/12/12	Katou Marin
JSSJ-060	JSSJ		22/02/13	Katou Marin
JSSJ-066	JSSJ		19/04/13	Katou Marin
OHP-2017	OHP		20/06/08	Kira Nanami
KU-009	KU		25/07/08	Kira Nanami
OHP-3010	OHP		15/08/08	Kira Nanami
MMR-AA023	MMR		28/08/15	Kobayashi Kasumi
JSSJ-149	JSSJ		16/10/15	Kobayashi Kasumi
MMR-AA035	MMR		18/12/15	Kobayashi Kasumi
MMR-AA042	MMR		26/02/16	Kobayashi Kasumi
JSSJ-164	JSSJ		22/04/16	Kobayashi Kasumi
MMR-AA052	MMR		24/06/16	Kobayashi Kasumi
MMR-AA059	MMR		26/08/16	Kobayashi Kasumi
SVBD-AA005	SVBD		28/10/16	Kobayashi Kasumi
CMP-047	CMP		07/06/13	Kobayashi Sae
JSSJ-115	JSSJ		22/08/14	Koharu Sasaki
MMR-AA001	MMR		31/10/14	Koharu Sasaki
PIST-043	PIST		23/01/14	Kohina Kato
PIST-045	PIST		23/03/14	Kohina Kato
PIST-047	PIST		23/05/14	Kohina Kato
GCOLB-001	GCOLB		23/11/14	Kohina Kato
MMR-229	MMR		14/12/12	Kojima Aoi
MMR-275	MMR		26/07/13	Kotora Mafune
MMR-309	MMR		25/10/13	Kotora Mafune
SNNY-001	SNNY		23/02/13	Koyama Mitsuki
SNSY-002	SNSY		31/05/13	Koyama Mitsuki
LTN-0001	LTN		24/01/07	Mai Fujiko
PEACH-016D	PEACH		28/04/07	Mai Fujiko
LTN-0003	LTN		23/05/07	Mai Fujiko
BBOB-0001	BBOB		25/07/07	Mai Fujiko
PEACH-018D	PEACH		28/07/07	Mai Fujiko
EIGHT-090D	EIGHT		18/11/07	Mai Fujiko
BBOB-003	BBOB		25/11/07	Mai Fujiko
BOM-001	BOM		2006-??-??	Mai Fujiko
TOKYO-008	TOKYO		01/07/11	Mai Mizuno
SBKD-0032	SBKD		30/08/11	Mai Mizuno
TOKYO-014	TOKYO		16/09/11	Mai Mizuno
TOKYO-016	TOKYO		07/10/11	Mai Mizuno
DOKAN-002	DOKAN		18/11/11	Mai Mizuno
TOKYO-020	TOKYO		18/11/11	Mai Mizuno
TOKYO-022	TOKYO		02/12/11	Mai Mizuno
TOKYO-025	TOKYO		06/01/12	Mai Mizuno
TOKYO-028	TOKYO		17/02/12	Mai Mizuno
TOKYO-031	TOKYO		02/03/12	Mai Mizuno
DOKAN-003	DOKAN		30/03/12	Mai Mizuno
TOKYO-033	TOKYO		06/04/12	Mai Mizuno
TOKYO-037	TOKYO		04/05/12	Mai Mizuno
TOKYO-040	TOKYO		29/06/12	Mai Mizuno
HTC-003	HTC		20/07/12	Mai Mizuno
TOKYO-045	TOKYO		03/08/12	Mai Mizuno
HTC-004	HTC		18/08/12	Mai Mizuno
TOKYO-048	TOKYO		25/09/12	Mai Mizuno
TOKYO-048B	TOKYO		25/09/12	Mai Mizuno
JMKD-0007	JMKD		31/10/12	Mai Mizuno
TOKYO-053	TOKYO		16/11/12	Mai Mizuno
TASKJ-130	TASKJ		20/01/13	Mai Mizuno
TSDV-41515	TSDV		22/03/13	Mai Mizuno
CLSC-003	CLSC		14/06/13	Mai Mizuno
TASKJ-143	TASKJ		20/12/13	Mai Mizuno
PRNS-04	PRNS		31/01/14	Mai Mizuno
OUTN-0016	OUTN		16/06/15	Mai Mizuno
TASKW-003	TASKW		20/06/16	Mai Mizuno
CPSKY-264	CPSKY		07/07/12	Mai Oozora
CPBD-017	CPBD		07/07/12	Mai Oozora
AOSPV-003	AOSPV		06/10/12	Mai Oozora
CPBD-022	CPBD		06/10/12	Mai Oozora
CPSKY-274	CPSKY		06/10/12	Mai Oozora
AOSBD-029	AOSBD		23/11/12	Mai Oozora
CPBD-034	CPBD		13/04/13	Mai Oozora
CPSKY-284	CPSKY		13/04/13	Mai Oozora
CLR-4033	CLR		19/05/06	Mai Sasaki
SOPD-3820	SOPD		22/09/06	Mai Sasaki
MMD-0007	MMD		15/10/06	Mai Sasaki
SEDV-308	SEDV		01/11/06	Mai Sasaki
BKDV-00218	BKDV		24/11/06	Mai Sasaki
SEDV-313	SEDV		01/01/07	Mai Sasaki
SCDV-10158	SCDV		19/01/07	Mai Sasaki
BKDV-00233	BKDV		23/02/07	Mai Sasaki
WAT-002	WAT		15/07/07	Mai Sasaki
WAT-003	WAT		01/09/07	Mai Sasaki
WAT-004	WAT		01/09/07	Mai Sasaki
TASKJ-027	TASKJ		20/11/07	Mai Sasaki
WAT-010	WAT		01/04/08	Mai Sasaki
WAT-014	WAT		10/09/08	Mai Sasaki
WAD-005	WAD		24/03/06	Mai Takahashi
SSKW-046	SSKW		25/06/06	Mai Takahashi
IMOM-001	IMOM		25/01/08	Mai Takahashi
IMOM-002	IMOM		25/02/08	Mai Takahashi
KNGK-001	KNGK		25/03/08	Mai Takahashi
IMOM-010	IMOM		25/05/08	Mai Takahashi
IMOM-012	IMOM		25/06/08	Mai Takahashi
IMOG-052	IMOG		25/09/08	Mai Takahashi
IMOG-054	IMOG		25/10/08	Mai Takahashi
IMOM-037	IMOM		25/12/08	Mai Takahashi
IMOG-060	IMOG		25/01/09	Mai Takahashi
IMOM-053	IMOM		25/03/09	Mai Takahashi
IMOM-067	IMOM		25/05/09	Mai Takahashi
IMOM-075	IMOM		25/07/09	Mai Takahashi
IMOG-134	IMOG		10/02/10	Mai Takahashi
IMOY-004	IMOY		25/08/10	Mai Takahashi
IMOF-044	IMOF		25/09/10	Mai Takahashi
IMOM-150	IMOM		10/10/10	Mai Takahashi
IMOM-159	IMOM		10/11/10	Mai Takahashi
IMOF-058	IMOF		15/01/11	Mai Takahashi
SSE-003	SSE		21/10/11	Mai Takahashi
AJST-0001	AJST		30/01/12	Mai Takahashi
TRID-216	TRID		22/05/12	Mai Takahashi
DSTAR-009	DSTAR		03/08/12	Mai Takahashi
PIXY-003	PIXY		23/09/12	Mai Takahashi
DSTAR-014	DSTAR		30/11/12	Mai Takahashi
SBKD-0068	SBKD		30/01/13	Mai Takahashi
GUILD-031	GUILD		21/03/13	Mai Takahashi
FEIR-0081	FEIR		24/05/13	Mai Takahashi
OHDO-002	OHDO		23/07/13	Mai Takahashi
ARC-006	ARC		01/09/06	Mami Fujie
KBOOT-07	KBOOT		22/11/06	Mami Fujie
ILD-010	ILD		22/12/06	Mami Fujie
PEACH-014D	PEACH		24/12/06	Mami Fujie
SCDV-24003	SCDV		12/01/07	Mami Fujie
LOVEDOL-001	LOVEDOL		21/02/07	Mami Fujie
PEACH-015D	PEACH		24/02/07	Mami Fujie
EIGHT-062D	EIGHT		18/03/07	Mami Fujie
EIGHY-068D	EIGHY		26/05/07	Mami Fujie
PEACH-019D	PEACH		18/08/07	Mao Fujisawa
KIDM-033	KIDM		02/11/07	Mao Fujisawa
EIGHT-092D	EIGHT		16/12/07	Mao Fujisawa
DPKS-001	DPKS		24/01/08	Mao Fujisawa
MTF-008	MTF		15/02/08	Mao Fujisawa
BBOB-005	BBOB		25/02/08	Mao Fujisawa
YBOOT-24	YBOOT		26/03/08	Mao Fujisawa
PAND-006	PAND		27/11/07	Mao Fujisawa
JCOB-0002	JCOB		25/09/07	Mao Fujisawa
DMSM-7397	DMSM		25/12/07	Mao Fujisawa
GAFD-004	GAFD		28/02/04	Mao Kobayashi
TREJ-0002	TREJ		25/03/04	Mao Kobayashi
GAFD-014	GAFD		10/06/04	Mao Kobayashi
BKDV-00025	BKDV		23/07/04	Mao Kobayashi
GAFD-020	GAFD		08/12/04	Mao Kobayashi
BKDV-00069	BKDV		25/02/05	Mao Kobayashi
GARO-001	GARO		23/05/05	Mao Kobayashi
BKDV-00094	BKDV		29/07/05	Mao Kobayashi
TREJ-0012	TREJ		21/12/05	Mao Kobayashi
BKDV-00136	BKDV		23/12/05	Mao Kobayashi
BKDV-00163	BKDV		24/03/06	Mao Kobayashi
GARO-005	GARO		21/05/05	Mao Kobayashi
GARO-006	GARO		21/06/06	Mao Kobayashi
LBTD-002	LBTD		22/07/06	Mao Kobayashi
BKDV-00203	BKDV		29/09/06	Mao Kobayashi
BKDV-00217	BKDV		24/11/06	Mao Kobayashi
KQT-098	KQT		22/03/07	Mao Kobayashi
KQT-097	KQT		22/03/07	Mao Kobayashi
TRID-021	TRID		22/06/07	Mao Kobayashi
KBOOT-14	KBOOT		28/09/07	Mao Kobayashi
FPO-001	FPO		28/04/08	Mao Kobayashi
PKMC-003	PKMC		01/01/10	Mao Kobayashi
PKMC-004	PKMC		01/01/10	Mao Kobayashi
PIXY-025	PIXY		23/12/13	Maria Mizuki
JSSM-004	JSSM		21/03/14	Maria Mizuki
JKSS-004	JKSS		23/05/14	Maria Mizuki
DJKA-19	DJKA		12/10/12	Maria Shishido
AILE-015	AILE		13/01/13	Maria Shishido
CMP-042	CMP		01/03/13	Maria Shishido
MMR-288	MMR		30/08/13	Marika Yura
MMR-308	MMR		25/10/13	Marika Yura
SMAC-002	SMAC		08/04/11	Marin Moriya
MMR-AA008	MMR		27/02/15	Marin Ogawa
JSSJ-138	JSSJ		17/04/15	Marin Ogawa
JSSJ-141	JSSJ		19/06/15	Marin Ogawa
OUTN-0036	OUTN		16/04/16	Marin Tsuchiya
SBKD-0143	SBKD		29/07/16	Marin Tsuchiya
OUTN-0050	OUTN		16/09/16	Marin Tsuchiya
OUTN-0056	OUTN		16/11/16	Marin Tsuchiya
OUTN-0058	OUTN		16/01/17	Marin Tsuchiya
OUTN-0060	OUTN		16/03/17	Marin Tsuchiya
OUTN-0062	OUTN		16/05/17	Marin Tsuchiya
OUTN-0065	OUTN		16/08/17	Marin Tsuchiya
OUTN-0068	OUTN		16/11/17	Marin Tsuchiya
EICKB-001	EICKB		25/11/10	Masako Saito
TSDV-41342	TSDV		22/04/11	Masako Saito
LCDV-40479	LCDV		20/07/11	Masako Saito
TRID-192	TRID		19/10/11	Masako Saito
EICKB-007	EICKB		25/01/12	Masako Saito
DSTAR-005	DSTAR		27/04/12	Masako Saito
JSSJ-030	JSSJ		21/10/11	Mayu Suzuki
PIST-015	PIST		23/12/11	Mayu Suzuki
CBOOT-07	CBOOT		20/06/07	Megu Fujiura
EIGHT-071D	EIGHT		25/06/07	Megu Fujiura
TBX-016	TBX		25/07/07	Megu Fujiura
PEACH-018D	PEACH		28/07/07	Megu Fujiura
ICDV-30025	ICDV		04/09/09	Mei Aikawa
OHP-2022	OHP		18/12/09	Mei Aikawa
GAPR-002	GAPR		09/12/05	Miho Takai
BKDV-00137	BKDV		23/12/05	Miho Takai
GARO-003	GARO		28/02/06	Miho Takai
ILD-001	ILD		29/09/06	Miho Takai
SOPD-3823	SOPD		22/12/06	Miho Takai
YYWK-002	YYWK		20/01/07	Miho Takai
PALD-004	PALD		19/10/07	Miho Takai
DMT-006	DMT		20/11/07	Miho Takai
OTH-011	OTH		21/12/07	Miho Takai
LCDV-40307	LCDV		20/03/08	Miho Takai
QHL-005	QHL		20/06/08	Miho Takai
SSE-9002	SSE		29/11/13	Miina Aoki
SSE-9005	SSE		28/02/14	Miina Aoki
TYCTV-0002	TYCTV		25/07/14	Miina Aoki
EIGHT-110D	EIGHT		26/10/08	Miina Kita
PEACH-029D	PEACH		26/10/08	Miina Kita
PIST-012	PIST		23/10/11	Miki Sayama
EIGHT-079D	EIGHT		18/08/07	Miko Fujimatsu
SCDV-24008	SCDV		17/09/07	Miko Fujimatsu
PAND-008	PAND		27/11/07	Miko Fujimatsu
FUJI-003	FUJI		25/01/08	Miko Fujimatsu
MOR-1005	MOR		30/01/08	Miko Fujimatsu
PAND-012	PAND		26/02/08	Miko Fujimatsu
PEACH-019D	PEACH		18/08/07	Miko Fujimatsu
BBOB-002	BBOB		25/09/07	Miko Fujimatsu
Noah-41	Noah		27/03/08	Miko Fujimatsu
MSR-3	MSR		21/12/07	Miko Fujimatsu
KNGA-003	KNGA		25/03/08	Miku Sakurai
OHP-2014	OHP		18/04/08	Miku Sakurai
KIDM-072	KIDM		11/07/08	Miku Sakurai
KIDM-082	KIDM		12/09/08	Miku Sakurai
SOPD-5001	SOPD		10/10/08	Miku Sakurai
KIDM-151	KIDM		25/09/09	Miku Sakurai
KIDM-158	KIDM		13/11/09	Miku Sakurai
KIDM-174	KIDM		26/02/10	Miku Sakurai
KIDM-186	KIDM		30/04/10	Miku Sakurai
KIDM-197	KIDM		09/07/10	Miku Sakurai
KIDM-207	KIDM		10/09/10	Miku Sakurai
KIDM-215	KIDM		12/11/10	Miku Sakurai
KIDM-223	KIDM		14/01/11	Miku Sakurai
KIDM-235	KIDM		22/04/11	Miku Sakurai
KIDM-250	KIDM		08/07/11	Miku Sakurai
KIDM-267	KIDM		28/10/11	Miku Sakurai
KIDM-279	KIDM		13/01/12	Miku Sakurai
CPSKY-039	CPSKY		05/10/07	Miku Takaoka
WCRM-02	WCRM		07/12/07	Miku Takaoka
DCG-001	DCG		19/04/08	Miku Takaoka
DCG-003	DCG		25/08/08	Miku Takaoka
DCG-009	DCG		25/11/08	Miku Takaoka
CPSKY-062	CPSKY		12/12/08	Miku Takaoka
CPSKY-075	CPSKY		13/03/09	Miku Takaoka
CPSKY-074	CPSKY		13/03/09	Miku Takaoka
CPSKY-089	CPSKY		01/05/09	Miku Takaoka
CPSKY-088	CPSKY		01/05/09	Miku Takaoka
CPSKY-102	CPSKY		24/07/09	Miku Takaoka
CPSKY-109	CPSKY		28/08/09	Miku Takaoka
CPSKY-113	CPSKY		11/09/09	Miku Takaoka
CPDR-005	CPDR		01/10/09	Miku Takaoka
CPSKY-127	CPSKY		20/11/09	Miku Takaoka
CPSKY-132	CPSKY		18/12/09	Miku Takaoka
CPDR-021	CPDR		13/01/10	Miku Takaoka
CPDR-019	CPDR		13/01/10	Miku Takaoka
CPSKY-138	CPSKY		15/01/10	Miku Takaoka
CPSKY-142	CPSKY		05/02/10	Miku Takaoka
SCK-1001	SCK		19/02/10	Miku Takaoka
CPSKY-146	CPSKY		12/03/10	Miku Takaoka
CPSKY-160	CPSKY		14/05/10	Miku Takaoka
CPSKY-177	CPSKY		17/09/10	Miku Takaoka
CPSKY-195	CPSKY		07/01/11	Miku Takaoka
FEIR-0032	FEIR		16/05/11	Miku Takaoka
PLG-001	PLG		21/10/11	Miku Takaoka
SBKD-0035	SBKD		28/10/11	Miku Takaoka
TBOG-001	TBOG		21/01/12	Miku Takaoka
SMAC-019	SMAC		03/03/12	Miku Takaoka
AOSBD-007	AOSBD		16/06/12	Miku Takaoka
SMAC-027	SMAC		16/06/12	Miku Takaoka
AOSBD-018	AOSBD		22/09/12	Miku Takaoka
SMAC-040	SMAC		22/09/12	Miku Takaoka
SMAC-048	SMAC		17/11/12	Miku Takaoka
AOSBD-027	AOSBD		17/11/12	Miku Takaoka
AOSBD-030	AOSBD		23/03/13	Miku Takaoka
SMAC-051	SMAC		23/03/13	Miku Takaoka
TSDV-45009	TSDV		20/05/11	Mikumo Kinoshita
MMR-147	MMR		26/08/11	Mikumo Kinoshita
FEIR-0050	FEIR		16/11/11	Mikumo Kinoshita
MMR-189	MMR		27/07/12	Mikumo Kinoshita
JSSJ-145	JSSJ		21/08/15	Mikuni Saran
OHP-2020	OHP		17/07/09	Mime Shizuka
OHP-3015	OHP		21/08/09	Mime Shizuka
KU-032	KU		30/10/09	Mime Shizuka
SOPD-9058	SOPD		22/01/10	Mime Shizuka
KU-045	KU		26/03/10	Mime Shizuka
KU-063	KU		29/10/10	Mime Shizuka
KU-069	KU		28/01/11	Mime Shizuka
GOD-021	GOD			Min Min
MMR-330	MMR		2013-12-13	Minami Horiguchi
JSSJ-098	JSSJ		2014-02-28	Minami Horiguchi
DDD-001	DDD		2011-12-02	Minami Watase
SSE-9006	SSE		2014-08-29	Mio Fujitani
ZEUS-012	ZEUS		2014-12-10	Mio Fujitani
PRWH-010	PRWH		2015-10-23	Mio Fujitani
MMR-AL013	MMR		2015-12-18	Mio Fujitani
LLCV-0001	LLCV		2016-02-27	Mio Fujitani
LLCV-0005	LLCV		2016-06-29	Mio Fujitani
SBVD-0116	SBVD		2011-06-24	Mio Katsuragi
TSDV-41388	TSDV		2011-11-21	Mio Katsuragi
DOLC-001	DOLC		2012-04-20	Mio Katsuragi
MMR-AK051	MMR		2016-06-24	Mirai Akiyoshi
MMR-AK053	MMR		2016-07-29	Mirai Akiyoshi
MMR-AK055	MMR		2016-09-23	Mirai Akiyoshi
MMR-AK062	MMR		2016-10-28	Mirai Akiyoshi
ILD-004	ILD		2006-11-24	Misa Aoyama
Noah-21	Noah		2006-08-11	Misa Aoyama
PEACH-017D	PEACH		2007-06-25	Misa Aoyama
GKSK-009	GKSK		2007-11-05	Misato Ougi
MILK-06	MILK		2007-12-21	Misato Ougi
MILK-07	MILK		2008-01-18	Misato Ougi
TSDV-006	TSDV		2008-01-25	Misato Ougi
MSR-06	MSR		2008-02-22	Misato Ougi
TSDV-010	TSDV		2008-03-26	Misato Ougi
ICDV-30022	ICDV		2009-05-01	Misato Ougi
JSSJ-018	JSSJ		2010-07-16	Misato Ougi
CMP-025	CMP		2010-11-10	Misato Ougi
CMP-027	CMP		2011-04-23	Misato Ougi
SOPD-3820	SOPD		2006-09-22	Miya Manma
SKB-12	SKB		2006-12-15	Miya Manma
Noah-028	Noah		2007-02-23	Miya Manma
CLR-4055	CLR		2007-04-20	Miya Manma
WALZ-007	WALZ		2007-05-24	Miya Manma
WAT-005	WAT		2007-09-01	Miya Manma
WAT-003	WAT		2007-09-01	Miya Manma
TASKJ-030	TASKJ		2007-12-20	Miya Manma
WAT-010	WAT		2008-04-01	Miya Manma
WAT-016	WAT		2009-02-10	Miya Manma
HMP-004	HMP		2010-12-10	Miya Manma
MSDV-002	MSDV		2011-05-26	Miya Manma
MSDV-023	MSDV		2013-08-20	Miya Manma
MSDV-025	MSDV		2013-12-25	Miya Manma
AILE-033	AILE		2014-03-23	Miya Manma
MSDV-027	MSDV		2014-05-16	Miya Manma
AILE-034	AILE		2014-07-23	Miya Manma
AILEB-001	AILEB		2014-03-23	Miya Manma
AILE-036	AILE		2014-11-23	Miya Manma
AILE-037	AILE		2015-01-13	Miya Manma
AILEB-003	AILEB		2014-07-23	Miya Manma
CUHE-004	CUHE		2015-03-13	Miya Manma
JSSJ-114	JSSJ		2014-08-22	Miyazaki Kurumi
JKSS-008	JKSS		2014-10-23	Miyazaki Kurumi
SCDV-24002	SCDV		2006-12-01	Miyu Fujimura
PEACH-014D	PEACH		2006-12-24	Miyu Fujimura
MWKD-5008	MWKD		2007-03-27	Miyu Fujimura
OHP-3002	OHP		2007-06-22	Miyu Fujimura
PEACH-015D	PEACH		2007-07-28	Miyu Fujimura
PEACH-018D	PEACH		2007-07-28	Miyu Fujimura
TASKJ-079	TASKJ		2010-07-20	Miyu Sasaki
FEIR-016	FEIR		2010-09-16	Miyu Sasaki
TASKJ-087	TASKJ		2010-12-20	Miyu Sasaki
SBKD-0024	SBKD		2011-02-25	Miyu Sasaki
TOKYO-001	TOKYO		2011-03-25	Miyu Sasaki
LOVEDOL-021	LOVEDOL		2011-03-25	Miyu Sasaki
SSEB-001	SSEB		2011-04-29	Miyu Sasaki
SSE-001	SSE		2011-04-29	Miyu Sasaki
CHAMA-08	CHAMA		2011-06-24	Miyu Sasaki
TOKYO-009	TOKYO		2011-07-15	Miyu Sasaki
TOKYO-010	TOKYO		2011-08-05	Miyu Sasaki
TOKYO-012	TOKYO		2011-09-02	Miyu Sasaki
TOKYO-015	TOKYO		2011-10-07	Miyu Sasaki
DOKAN-001	DOKAN		2011-10-07	Miyu Sasaki
TOKYO-018	TOKYO		2011-11-04	Miyu Sasaki
PLG-002	PLG		2011-11-04	Miyu Sasaki
HTC-001	HTC		2011-11-18	Miyu Sasaki
DOKAN-002	DOKAN		2011-11-18	Miyu Sasaki
TOKYO-021	TOKYO		2011-12-02	Miyu Sasaki
HTC-002	HTC		2011-12-16	Miyu Sasaki
TOKYO-025	TOKYO		2012-01-06	Miyu Sasaki
EICCB-014	EICCB		2012-01-25	Miyu Sasaki
SBKD-0042	SBKD		2012-01-30	Miyu Sasaki
TOKYO-027	TOKYO		2012-02-03	Miyu Sasaki
TOKYO-030	TOKYO		2012-03-02	Miyu Sasaki
DOKAN-003	DOKAN		2012-03-30	Miyu Sasaki
CHAMA-22	CHAMA		2012-03-30	Miyu Sasaki
TSDV-41431	TSDV		2012-04-20	Miyu Sasaki
TOKYO-036	TOKYO		2012-05-04	Miyu Sasaki
TASKR-002	TASKR		2012-05-20	Miyu Sasaki
TOKYO-042	TOKYO		2012-07-20	Miyu Sasaki
HTC-003	HTC		2012-07-20	Miyu Sasaki
TOKYO-044	TOKYO		2012-08-03	Miyu Sasaki
HTC-004	HTC		2012-08-18	Miyu Sasaki
SBKD-0059	SBKD		2012-08-30	Miyu Sasaki
SBKB-0002	SBKB		2012-08-30	Miyu Sasaki
JMKD-0005	JMKD		2012-09-28	Miyu Sasaki
TOKYO-049	TOKYO		2012-10-05	Miyu Sasaki
TOKYO-049B	TOKYO		2012-10-05	Miyu Sasaki
SBKD-0063	SBKD		2012-11-28	Miyu Sasaki
TSDV-41488	TSDV		2012-12-21	Miyu Sasaki
TOKYO-054	TOKYO		2012-12-21	Miyu Sasaki
TOKYO-056	TOKYO		2013-01-18	Miyu Sasaki
TOKYO-056B	TOKYO		2013-01-18	Miyu Sasaki
EICCB-025	EICCB		2013-01-25	Miyu Sasaki
JMKD-0011	JMKD		2013-02-27	Miyu Sasaki
SBKD-0074	SBKD		2013-03-28	Miyu Sasaki
SBKB-0007	SBKB		2013-03-28	Miyu Sasaki
TOKYO-060	TOKYO		2013-04-19	Miyu Sasaki
SBKD-0077	SBKD		2013-04-26	Miyu Sasaki
TOKYO-061	TOKYO		2013-04-30	Miyu Sasaki
HTC-007	HTC		2013-06-21	Miyu Sasaki
JMKD-0015	JMKD		2013-06-28	Miyu Sasaki
TOKYO-064	TOKYO		2013-07-19	Miyu Sasaki
TOKYO-065	TOKYO		2013-08-23	Miyu Sasaki
SBKD-0084	SBKD		2013-08-27	Miyu Sasaki
JMKB-0001	JMKB		2013-09-27	Miyu Sasaki
PRNS-02	PRNS		2013-10-31	Miyu Sasaki
JMKD-0018	JMKD		2013-11-28	Miyu Sasaki
EICCB-034	EICCB		2014-01-25	Miyu Sasaki
PRNS-04	PRNS		2014-01-31	Miyu Sasaki
JMKD-0019	JMKD		2014-02-27	Miyu Sasaki
JMKB-0002	JMKB		2014-03-28	Miyu Sasaki
JMRD-0056	JMRD		2014-07-25	Miyu Sasaki
SBVD-0251	SBVD		2014-09-26	Miyu Sasaki
JMRD-0061	JMRD		2014-12-26	Miyu Sasaki
LCDV-40683	LCDV		2015-03-20	Miyu Sasaki
LCBD-00683	LCBD		2015-03-20	Miyu Sasaki
SBVD-0282	SBVD		2015-06-26	Miyu Sasaki
JMRD-0067	JMRD		2015-10-30	Miyu Sasaki
JMRD-0068	JMRD		2015-12-25	Miyu Sasaki
CPSKY-178	CPSKY		2010-09-17	Miyu Suenaga
CPSKY-191	CPSKY		2010-12-10	Miyu Suenaga
CPSKY-209	CPSKY		2011-03-04	Miyu Suenaga
CPSKY-208	CPSKY		2011-03-04	Miyu Suenaga
CHAMA-07	CHAMA		2011-06-10	Miyu Suenaga
SMAC-012	SMAC		2011-09-02	Miyu Suenaga
PLG-004	PLG		2011-12-16	Miyu Suenaga
SMAC-017	SMAC		2012-02-04	Miyu Suenaga
AOSBD-004	AOSBD		2012-05-19	Miyu Suenaga
SMAC-024	SMAC		2012-05-19	Miyu Suenaga
AOSBD-020	AOSBD		2012-08-15	Miyu Suenaga
TBOG-009	TBOG		2012-08-18	Miyu Suenaga
AOSBD-022	AOSBD		2012-08-27	Miyu Suenaga
SMAC-045	SMAC		2012-10-06	Miyu Suenaga
AOSBD-017	AOSBD		2012-10-06	Miyu Suenaga
SMAC-055	SMAC		2013-05-11	Miyu Suenaga
ZEUS-007	ZEUS		2013-08-10	Miyu Suenaga
VPBF-13801	VPBF		2013-11-27	Miyu Suenaga
ORGL-001	ORGL		2014-02-23	Miyu Suenaga
E-007	E		2015-06-23	Miyuki Wakana
DW-003	DW		2007-09-28	Miyuu Hoshino
ZZZZ-004	ZZZZ		2008-09-25	Miyuu Hoshino
ZZZZ-005	ZZZZ		2008-09-25	Miyuu Hoshino
ZZZZ-006	ZZZZ		2008-10-24	Miyuu Hoshino
GOD-002	GOD		2008-11-21	Miyuu Hoshino
GOD-008	GOD		2009-01-23	Miyuu Hoshino
GOD-034	GOD		2009-10-23	Miyuu Hoshino
GOD-038	GOD		2010-01-15	Miyuu Hoshino
GOD-059	GOD		2010-07-16	Miyuu Hoshino
GOD-067	GOD		2010-09-17	Miyuu Hoshino
GOD-075	GOD		2010-11-19	Miyuu Hoshino
GOD-084	GOD		2011-01-21	Miyuu Hoshino
GOD-092	GOD		2011-03-18	Miyuu Hoshino
GOD-099	GOD		2011-06-03	Miyuu Hoshino
KIDM-388	KIDM		2013-09-20	Miyuu Hoshino
KIDM-416	KIDM		2013-11-29	Miyuu Hoshino
KIDM-483	KIDM		2014-09-12	Miyuu Hoshino
SCDV-10029	SCDV		2003-05-10	Miyuu Kanzaki
SCDV-10144	SCDV		2006-04-28	Miyuu Kanzaki
SCDV-10162	SCDV		2007-03-16	Miyuu Kanzaki
SCDV-22011	SCDV		2007-09-28	Miyuu Kanzaki
MBR-054	MBR		2008-05-30	Mizuki Akino
TASKH-023	TASKH		2008-08-20	Mizuki Akino
TRST-0014	TRST		2009-07-10	Mizuki Akino
AILE-003	AILE		2012-03-23	Mizuki Kubota
CUM-009	CUM		2012-05-18	Mizuki Kubota
SWPT-001	SWPT		2012-07-17	Mizuki Kubota
BBLP-002	BBLP		2012-10-17	Mizuki Kubota
AILE-016	AILE		2013-01-23	Mizuki Kubota
JSSJ-061	JSSJ		2013-02-22	Mizuki Otsuka
JSSJ-068	JSSJ		2013-04-19	Mizuki Otsuka
JSSJ-074	JSSJ		2013-06-21	Mizuki Otsuka
IMOM-084	IMOM		2009-08-25	Momo Shina
IMOM-087	IMOM		2009-09-25	Momo Shina
IMOG-107	IMOG		2009-10-25	Momo Shina
IMOM-100	IMOM		2009-11-25	Momo Shina
IMOG-120	IMOG		2009-12-22	Momo Shina
IMOF-018	IMOF		2010-01-25	Momo Shina
IMOJ-007	IMOJ		2010-01-25	Momo Shina
IMOM-122	IMOM		2010-02-10	Momo Shina
IMOE-013	IMOE		2010-03-10	Momo Shina
IMOF-024	IMOF		2010-03-25	Momo Shina
IMOM-135	IMOM		2010-04-10	Momo Shina
IMOG-147	IMOG		2010-05-10	Momo Shina
IMOW-005	IMOW		2010-06-10	Momo Shina
IMOF-033	IMOF		2010-06-25	Momo Shina
IMOL-001	IMOL		2010-07-10	Momo Shina
IMOY-002	IMOY		2010-08-10	Momo Shina
IMBD-003	IMBD		2010-09-25	Momo Shina
IMOG-168	IMOG		2010-09-25	Momo Shina
IMOF-048	IMOF		2010-10-25	Momo Shina
IMOY-009	IMOY		2010-11-25	Momo Shina
IMBD-005	IMBD		2010-12-22	Momo Shina
IMOG-178	IMOG		2010-12-22	Momo Shina
IMOL-005	IMOL		2011-01-25	Momo Shina
IMOF-062	IMOF		2011-02-10	Momo Shina
IMBD-010	IMBD		2011-03-25	Momo Shina
IMOG-193	IMOG		2011-03-25	Momo Shina
IMBD-011	IMBD		2011-04-10	Momo Shina
IMOG-200	IMOG		2011-04-10	Momo Shina
IMOF-073	IMOF		2011-04-25	Momo Shina
IMBD-013	IMBD		2011-05-10	Momo Shina
IMOL-010	IMOL		2011-05-10	Momo Shina
IMBD-017	IMBD		2011-06-10	Momo Shina
IMOG-209	IMOG		2011-06-10	Momo Shina
IMOG-210	IMOG		2011-06-10	Momo Shina
IMBD-018	IMBD		2011-06-10	Momo Shina
IMOQ-001	IMOQ		2011-07-10	Momo Shina
IMBD-023	IMBD		2011-07-10	Momo Shina
IMOF-087	IMOF		2011-08-25	Momo Shina
IMBD-032	IMBD		2011-09-10	Momo Shina
IMOL-020	IMOL		2011-09-10	Momo Shina
IMOU-003	IMOU		2011-11-10	Momo Shina
IMBD-043	IMBD		2011-11-10	Momo Shina
IMBD-058	IMBD		2012-01-15	Momo Shina
IMOG-237	IMOG		2012-01-15	Momo Shina
IMOF-101	IMOF		2012-01-25	Momo Shina
IMOG-241	IMOG		2012-02-10	Momo Shina
IMBD-063	IMBD		2012-02-10	Momo Shina
IMBD-068	IMBD		2012-02-25	Momo Shina
IMBD-069	IMBD		2012-02-25	Momo Shina
IMOK-011	IMOK		2012-02-25	Momo Shina
IMOK-010	IMOK		2012-02-25	Momo Shina
IMBD-071	IMBD		2012-03-10	Momo Shina
IMOQ-010	IMOQ		2012-03-10	Momo Shina
IMOF-110	IMOF		2012-05-25	Momo Shina
IMBD-090	IMBD		2012-06-10	Momo Shina
IMOU-007	IMOU		2012-06-10	Momo Shina
IMOF-119	IMOF		2012-08-10	Momo Shina
IMOG-266	IMOG		2013-01-25	Momo Shina
IMOG-268	IMOG		2013-02-10	Momo Shina
IMOF-133	IMOF		2013-02-25	Momo Shina
IMBD-179	IMBD		2013-06-10	Momo Shina
IMOG-274	IMOG		2013-06-10	Momo Shina
IMBD-190	IMBD		2013-08-10	Momo Shina
IMWL-017	IMWL		2013-08-10	Momo Shina
IMOG-283	IMOG		2014-01-15	Momo Shina
IMBD-229	IMBD		2014-01-15	Momo Shina
ARH-003	ARH		2012-06-20	Momona Kirihara
AILE-006	AILE		2012-07-23	Momona Kirihara
AILE-008	AILE		2012-09-23	Momona Kirihara
ARS-001	ARS		2012-08-10	Momona Kirihara
ARHB-003	ARHB		2013-04-20	Momona Kirihara
HNL-004	HNL		N/A	Momona Kirihara
CAND-01017	CAND		2013-05-24	Nakano Sarii
MWKD-5007	MWKD		2007-02-27	Namy Fujitani
MOR-008	MOR	Monroe	2007-04-26	Namy Fujitani
JKS-002	JKS	Amumo	2007-05-25	Namy Fujitani
OHP-3002	OHP		2007-06-22	Namy Fujitani
PEACH-017D	PEACH		2007-06-25	Namy Fujitani
AHG-0010	AHG	Art House Gon	2007-07-24	Namy Fujitani
ICDV-30149	ICDV		2013-10-18	Nana Muramatu
ICS-033	ICS		2013-11-15	Nana Muramatu
ICDV-30171	ICDV		2014-02-01	Nana Muramatu
ICS-045	ICS		2014-03-01	Nana Muramatu
ICDV-30187	ICDV		2014-04-18	Nana Muramatu
ICS-052	ICS		2014-05-16	Nana Muramatu
ICDV-30196	ICDV		2014-06-13	Nana Muramatu
ICS-057	ICS		2014-07-18	Nana Muramatu
TASKJ-155	TASKJ		2014-08-20	Nana Muramatu
WAFL-033	WAFL		2014-10-23	Nana Muramatu
PCOT-004	PCOT		2011-11-30	Nana Tanaka
SBKD-0052	SBKD		2012-04-27	Nana Tanaka
MMR-205	MMR		2012-10-26	Nana Tanaka
TSDV-41503	TSDV		2013-02-22	Nana Tanaka
MMR-260	MMR		2013-05-31	Nana Tanaka
LCDV-40611	LCDV		2013-11-20	Nana Tanaka
LCBD-00611	LCBD		2013-11-20	Nana Tanaka
SVBD-006	SVBD		2013-08-30	Nana Tanaka
MMR-295	MMR		2013-08-30	Nana Tanaka
MMR-360	MMR		2014-02-28	Nana Tanaka
MMR-384	MMR		2014-05-30	Nana Tanaka
MMR-420	MMR		2014-07-25	Nana Tanaka
MMR-421	MMR		2014-09-26	Nana Tanaka
MMR-AZ006	MMR		2015-01-30	Natsu Inaba
SBKD-0117	SBKD		2015-03-27	Natsu Inaba
MMR-AL008	MMR		2015-06-26	Natsu Inaba
PCHI-002	PCHI		2015-08-28	Natsu Inaba
ENCO-046	ENCO		2015-11-20	Natsu Inaba
SBKD-0137	SBKD		2016-02-27	Natsu Inaba
MMR-AL018	MMR		2016-05-27	Natsu Inaba
DW-001	DW		2007-09-28	Natsuki
DW-002	DW		2007-09-28	Natsuki
DW-013	DW		2008-05-23	Natsuki
ZZZZ-001	ZZZZ		2008-08-06	Natsuki
ZZZZ-002	ZZZZ		2008-08-06	Natsuki
ZZZZ-006	ZZZZ		2008-10-24	Natsuki
KIDM-098	KIDM		2008-11-14	Natsuki
KIDM-108	KIDM		2009-01-16	Natsuki
KIDM-120	KIDM		2009-03-27	Natsuki
GOD-035	GOD		2009-11-13	Natsuki
GOD-045	GOD		2010-02-19	Natsuki
GOD-055	GOD		2010-06-18	Natsuki
GOD-061	GOD		2010-08-06	Natsuki
GOD-069	GOD		2010-10-01	Natsuki
GOD-077	GOD		2010-12-03	Natsuki
KIDM-231	KIDM		2011-03-11	Natsuki
KIDM-245	KIDM		2011-06-10	Natsuki
KIDM-307	KIDM		2012-07-27	Natsuki
KIDM-331	KIDM		2012-12-28	Natsuki
KIDM-342	KIDM		2013-02-22	Natsuki
KIDM-352	KIDM		2013-04-12	Natsuki
KIDM-363	KIDM		2013-06-21	Natsuki
JSSJ-064	JSSJ		2013-03-22	Natsumi Fujimoto
LINE-029	LINE		2013-05-23	Natsumi Fujimoto
MMR-279	MMR		2013-07-26	Natsumi Fujimoto
SPG-24	SPG		2013-11-30	Natsumi Fujimoto
KIDM-419	KIDM		2014-01-17	Natsumi Fujimoto
KIDM-434	KIDM		2014-03-07	Natsumi Fujimoto
JVVD-1175	JVVD		2005-02-11	Natsumi Hara
JTDV-002	JTDV		2005-06-24	Natsumi Hara
EG-1152	EG		2005-06-24	Natsumi Hara
SCDV-17001	SCDV		2005-09-22	Natsumi Hara
SOPD-9011	SOPD		2005-12-16	Natsumi Hara
SOPD-8004	SOPD		2006-01-20	Natsumi Hara
AILE-007	AILE		2012-08-23	Natsumi Kayama
ARH-004	ARH		2012-06-27	Natsumi Kayama
ARS-001	ARS		2012-08-10	Natsumi Kayama
RITZ-006	RITZ		2014-04-23	Niimi Nanae
RITZ-009	RITZ		2014-06-23	Niimi Nanae
JELLY-004	JELLY		2014-08-23	Niimi Nanae
JELLY-006	JELLY		2014-10-23	Niimi Nanae
MMRAL-004	MMRAL		2014-12-26	Niimi Nanae
RITZB-003	RITZB		2015-01-13	Niimi Nanae
ICDV-30216	ICDV		2015-02-26	Niimi Nanae
ICS-062	ICS		2015-03-06	Niimi Nanae
ICDV-30219	ICDV		2015-04-03	Niimi Nanae
TASKR-030	TASKR		2015-08-20	Niimi Nanae
TASKS-035	TASKS		2015-08-20	Niimi Nanae
TASKR-032	TASKR		2015-11-20	Niimi Nanae
TASKS-041	TASKS		2015-11-20	Niimi Nanae
OUTN-0030	OUTN		2016-01-16	Niimi Nanae
TASKR-036	TASKR		2016-03-20	Niimi Nanae
TASKS-047	TASKS		2016-03-20	Niimi Nanae
OUTN-0038	OUTN		2016-05-16	Niimi Nanae
SBKD-0144	SBKD		2016-08-27	Niimi Nanae
TASKS-059	TASKS		2016-09-20	Niimi Nanae
MMR-253	MMR		2013-04-19	Noa Mashima
JSSJ-073	JSSJ		2013-06-21	Noa Mashima
OMGZ-082	OMGZ		2013-08-23	Noa Mashima
OHDO-007	OHDO		2013-12-23	Noa Mashima
EICSB-007	EICSB		2011-10-25	Noa Naraoka
EICCB-018	EICCB		2012-04-25	Noa Naraoka
MMR-191	MMR		2012-07-27	Noa Naraoka
EICOK-002	EICOK		2012-12-15	Noa Naraoka
EICCB-025	EICCB		2013-01-25	Noa Naraoka
WAFL-009	WAFL		2013-03-23	Noa Naraoka
JSSJ-091	JSSJ		2013-12-13	Noa Naraoka
MMR-355	MMR		2014-02-28	Noa Naraoka
TASKJ-149	TASKJ		2014-04-20	Noa Naraoka
TASKR-024	TASKR		2014-04-20	Noa Naraoka
JSSJ-107	JSSJ		2014-06-20	Noa Naraoka
MMR-414	MMR		2014-08-29	Noa Naraoka
JSSJ-129	JSSJ		2014-12-19	Noa Naraoka
GOD-001	GOD		2008-11-07	Noeru Natsumi
GOD-005	GOD		2008-12-19	Noeru Natsumi
GOD-015	GOD		2009-03-19	Noeru Natsumi
GOD-025	GOD		2009-07-24	Noeru Natsumi
GOD-031	GOD		2009-09-18	Noeru Natsumi
MMR-AK024	MMR		2015-09-25	Noriko Nishiyama
MMR-AK028	MMR		2015-11-27	Noriko Nishiyama
MMR-AK036	MMR		2016-01-29	Noriko Nishiyama
MMR-AK042	MMR		2016-03-25	Noriko Nishiyama
MMR-AK052	MMR		2016-06-24	Noriko Nishiyama
MMR-AK061	MMR		2016-09-23	Noriko Nishiyama
MMR-AK063	MMR		2016-10-28	Noriko Nishiyama
KNGA-004	KNGA		2008-03-25	Nozomi Takada
OHP-2016	OHP		2008-05-16	Nozomi Takada
KIDM-075	KIDM		2008-07-25	Nozomi Takada
KIDM-083	KIDM		2008-09-12	Nozomi Takada
SOPD-5001	SOPD		2008-10-10	Nozomi Takada
GOD-003	GOD		2008-12-19	Nozomi Takada
GOD-010	GOD		2009-02-20	Nozomi Takada
KIDM-137	KIDM		2009-08-14	Nozomi Takada
KIDM-157	KIDM		2009-10-30	Nozomi Takada
KIDM-163	KIDM		2009-12-11	Nozomi Takada
KIDM-178	KIDM		2010-03-12	Nozomi Takada
KIDM-211	KIDM		2010-10-08	Nozomi Takada
KIDM-219	KIDM		2010-12-10	Nozomi Takada
KIDM-227	KIDM		2011-02-11	Nozomi Takada
KIDM-240	KIDM		2011-05-13	Nozomi Takada
KIDM-258	KIDM		2011-08-26	Nozomi Takada
KIDM-272	KIDM		2011-11-25	Nozomi Takada
KIDM-283	KIDM		2012-02-09	Nozomi Takada
KIDM-294	KIDM		2012-05-11	Nozomi Takada
KIDM-308	KIDM		2012-08-10	Nozomi Takada
GTRB-003	GTRB		2013-01-25	Nozomi Takada
GTRB-004	GTRB		2013-02-28	Nozomi Takada
BLR-003	BLR		2013-03-20	Nozomi Takada
JSSJ-082	JSSJ		2013-09-20	Okada Hina
MMR-314	MMR		2013-11-22	Okada Hina
JSSJ-094	JSSJ		2014-01-24	Okada Hina
MMR-365	MMR		2014-03-28	Okada Hina
GRAB-0032	GRAB		2015-04-28	Okada Hina
MMR-249	MMR		2013-02-05	Oshima Juna
PIST-037	PIST		2013-06-23	Oshima Juna
JSSJ-080	JSSJ		2013-08-23	Oshima Juna
JSSJ-087	JSSJ		2013-10-18	Oshima Juna
BUQH-040	BUQH		2013-12-25	Oshima Juna
TSDV-41611	TSDV		2014-02-21	Oshima Juna
HTC-010	HTC		2014-06-20	Reina Kawai
HTC-011	HTC		2014-07-18	Reina Kawai
HTC-012	HTC		2014-09-19	Reina Kawai
MMR-AK007	MMR		2015-02-27	Reina Kawai
MMR-AK014	MMR		2015-04-24	Reina Kawai
TSDS-42069	TSDS		2015-05-22	Reina Kawai
MMR-AK019	MMR		2015-07-31	Reina Kawai
MMR-AK023	MMR		2015-09-25	Reina Kawai
SBKD-0140	SBKD		2016-05-28	Reina Kawai
MMR-AK056	MMR		2016-08-26	Reina Kawai
CAND-01022	CAND		2013-07-19	Remon Kimura
CAND-01025	CAND		2013-09-20	Remon Kimura
CAND-01027	CAND		2013-11-22	Remon Kimura
CANDB-1001	CANDB		2014-02-21	Remon Kimura
CAND-01032	CAND		2014-02-21	Remon Kimura
KNGK-002	KNGK		2008-04-25	Rena Aiba
GOD-006	GOD		2009-01-19	Rena Aiba
GOD-013	GOD		2009-03-06	Rena Aiba
SOPD-5001	SOPD		2009-04-17	Rena Aiba
GOD-040	GOD		2009-12-18	Rena Aiba
PEAC-028	PEAC		2013-11-23	Rena Fujitani
TASKJ-114	TASKJ		2012-02-20	Renna Minami
ICDV-30077	ICDV		2012-04-13	Renna Minami
ICS-009	ICS		2012-05-18	Renna Minami
SBKD-0058	SBKD		2012-08-30	Renna Minami
ICDV-30112	ICDV		2012-12-14	Renna Minami
ICDV-30122	ICDV		2013-03-01	Renna Minami
ICDV-30131	ICDV		2013-05-02	Renna Minami
ICDV-30137	ICDV		2013-07-05	Renna Minami
ICDV-30142	ICDV		2013-09-06	Renna Minami
ICDV-30150	ICDV		2013-11-01	Renna Minami
ICDV-30162	ICDV		2014-01-10	Renna Minami
MIU-021	MIU		2014-05-23	Renna Minami
PIXY-032	PIXY		2014-07-23	Renna Minami
JSSJ-079	JSSJ		2013-08-23	Renon Oomori
MMR-307	MMR		2013-10-25	Renon Oomori
MBR-057	MBR		2008-08-22	Riho Hasegawa
SCDV-10141	SCDV		2006-02-17	Riho Kisinami
KODV-0013	KODV		2006-03-24	Riho Kisinami
RFD-1068	RFD		2006-05-26	Riho Kisinami
AHG-0008	AHG		2006-07-24	Riho Kisinami
TSDV-41084	TSDV		2006-10-20	Riho Kisinami
KODV-0025	KODV		2006-12-22	Riho Kisinami
SCDV-22006	SCDV		2007-01-12	Riho Kisinami
DGL-001	DGL		2007-02-23	Riho Kisinami
OQT-100	OQT		2007-04-25	Riho Kisinami
lovedol-003	lovedol		2007-08-25	Riho Kisinami
lovedol-006	lovedol		2008-08-13	Riho Kisinami
lovedol-010	lovedol		2008-11-30	Riho Kisinami
GOD-007	GOD		2009-02-20	Riho Niina
GOD-043	GOD		2010-01-22	Riho Niina
LINE-006	LINE		2009-01-10	Rika Hatsumi
OHP-057	OHP		2009-03-20	Rika Hatsumi
OHP-3014	OHP		2009-05-15	Rika Hatsumi
OHP-062	OHP		2009-06-19	Rika Hatsumi
JSSJ-002	JSSJ		2009-07-24	Rika Hatsumi
ICDV-30001	ICDV		2007-12-27	Rika Kiuti
CAND-01011	CAND		2013-01-25	Riko Inoue
CAND-01014	CAND		2013-03-22	Riko Inoue
CAND-01018	CAND		2013-05-24	Riko Inoue
BKDV-00200	BKDV		2006-08-25	Rin Koike
BKDV-00219	BKDV		2006-11-24	Rin Koike
BKDV-00239	BKDV		2007-02-23	Rin Koike
GGGG-001	GGGG		2007-07-07	Rin Koike
KIDM-025	KIDM		2007-08-24	Rin Koike
SHGAD-003	SHGAD		2007-09-27	Rin Koike
KIDM-031	KIDM		2007-10-05	Rin Koike
GGGG-004	GGGG		2007-10-07	Rin Koike
CHGARO-003	CHGARO		2007-11-08	Rin Koike
CHGARO-004	CHGARO		2007-12-06	Rin Koike
KIDM-038	KIDM		2007-12-14	Rin Koike
KIDM-024	KIDM		2007-07-06	Rin Mizuki
KIDM-027	KIDM		2007-09-07	Rin Mizuki
KIDM-034	KIDM		2007-11-02	Rin Mizuki
KIDM-040	KIDM		2008-01-25	Rin Mizuki
KIDM-052	KIDM		2008-04-25	Rin Mizuki
KIDM-068	KIDM		2008-06-27	Rin Mizuki
KIDM-076	KIDM		2008-08-08	Rin Mizuki
KIDM-090	KIDM		2008-10-10	Rin Mizuki
GOD-004	GOD		2008-12-19	Rin Mizuki
GOD-011	GOD		2009-04-24	Rin Mizuki
GOD-042	GOD		2010-01-22	Rin Mizuki
GOD-083	GOD		2011-01-21	Rin Mizuki
GOD-091	GOD		2011-03-11	Rin Mizuki
TSDV-11991	TSDV		2005-07-22	Rina Hasegawa
OMD-069	OMD		2006-01-20	Rina Hasegawa
PEACH-008D	PEACH		2006-03-22	Rina Hasegawa
EIGHT-035D	EIGHT		2006-04-22	Rina Hasegawa
EIGHT-045D	EIGHT		2006-08-26	Rina Hasegawa
EIGHT-048D	EIGHT		2006-09-22	Rina Hasegawa
EIGHT-050D	EIGHT		2006-10-28	Rina Hasegawa
EIGHT-056D	EIGHT		2006-12-24	Rina Hasegawa
PEACH-015D	PEACH		2007-02-24	Rina Hasegawa
BEV-7365	BEV		2007-03-26	Rina Hasegawa
OMGZ-078	OMGZ		2013-06-23	Rina Ishida
JSSJ-081	JSSJ		2013-08-23	Rina Ishida
MMR-366	MMR		2014-03-28	Rina Koharu
JSSJ-106	JSSJ		2014-05-23	Rina Koharu
JKSS-006	JKSS		2014-07-23	Rina Koharu
PEACH-029D	PEACH		2008-10-26	Rino Shirone
EIGHT-111D	EIGHT		2008-10-26	Rino Shirone
BUQH-001	BUQH		2009-03-01	Rino Shirone
CLAR-1005	CLAR		2014-05-02	Rio Usami
CLAR-1006	CLAR		2014-07-31	Rio Usami
CLAR-1008	CLAR		2014-10-31	Rio Usami
CLAR-1009	CLAR		2014-12-19	Rio Usami
CLAR-1011	CLAR		2015-04-24	Rio Usami
ICDV-30086	ICDV		2012-06-15	Riona Isaka
ICDV-30096	ICDV		2012-09-01	Riona Isaka
TASKJ-128	TASKJ		2012-11-20	Riona Isaka
ZZZZ-021	ZZZZ		2011-07-29	Ritsu Watanabe
E-003	E		2015-03-23	Rui Sakurazawa
E-004	E		2015-03-23	Rui Sakurazawa
OLI-001	OLI		2015-04-23	Rui Sakurazawa
E-006	E		2015-05-23	Rui Sakurazawa
OLI-003	OLI		2015-06-23	Rui Sakurazawa
E-009	E		2015-07-23	Rui Sakurazawa
OLI-004	OLI		2015-08-23	Rui Sakurazawa
OLI-005	OLI		2015-12-23	Rui Sakurazawa
OLI-006	OLI		2016-01-23	Rui Sakurazawa
OLI-007	OLI		2016-02-23	Rui Sakurazawa
OLI-008	OLI		2016-03-23	Rui Sakurazawa
OLI-009	OLI		2016-04-23	Rui Sakurazawa
OLI-010	OLI		2016-05-23	Rui Sakurazawa
OLI-011	OLI		2016-05-23	Rui Sakurazawa
OLI-012	OLI		2016-06-23	Rui Sakurazawa
OLI-013	OLI		2016-06-23	Rui Sakurazawa
OLI-014	OLI		2016-07-23	Rui Sakurazawa
OLI-015	OLI		2016-07-23	Rui Sakurazawa
OLI-016	OLI		2016-08-23	Rui Sakurazawa
OLI-017	OLI		2016-08-23	Rui Sakurazawa
OLI-018	OLI		2016-09-23	Rui Sakurazawa
OLI-019	OLI		2016-09-23	Rui Sakurazawa
OLI-020	OLI		2016-10-23	Rui Sakurazawa
OLI-021	OLI		2016-11-23	Rui Sakurazawa
OLI-022	OLI		2016-12-23	Rui Sakurazawa
OLO-005	OLO		2017-01-28	Rui Sakurazawa
PIST-007	PIST		2011-08-23	Ruka Kawai
OMGZ-047	OMGZ		2011-10-08	Ruka Kawai
EICSB-012	EICSB		2013-01-25	Rumi Ishino
TASKJ-134	TASKJ		2013-03-20	Rumi Ishino
SBKD-0080	SBKD		2013-06-28	Rumi Ishino
PIXY-020	PIXY		2013-08-28	Rumi Ishino
ZEUS-008	ZEUS		2013-10-10	Rumi Ishino
EICCB-033	EICCB		2014-01-25	Rumi Ishino
SBKD-0097	SBKD		2014-04-28	Rumi Ishino
JMKD-0023	JMKD		2014-06-27	Rumi Ishino
TASKJ-154	TASKJ		2014-08-20	Rumi Ishino
EICCB-045	EICCB		2015-01-25	Rumi Ishino
TASKJ-161	TASKJ		2015-02-20	Rumi Ishino
HPF-02	HPF		2015-06-19	Rumi Ishino
HPF-05	HPF		2015-09-04	Rumi Ishino
HPF-07	HPF		2016-01-22	Rumi Ishino
HPF-08	HPF		2016-03-18	Rumi Ishino
ZEUSMB-002	ZEUSMB		2016-05-10	Rumi Ishino
TASKW-002	TASKW		2016-05-20	Rumi Ishino
ZEUSFB-002	ZEUSFB		2016-09-01	Rumi Ishino
TASKJ-105	TASKJ		2011-09-20	Runa Mizuki
TASKJ-110	TASKJ		2011-12-20	Runa Mizuki
TASKJ-115	TASKJ		2012-03-20	Runa Mizuki
MMR-181	MMR		2012-05-25	Runa Mizuki
TASKR-005	TASKR		2012-06-20	Runa Mizuki
TASKJ-120	TASKJ		2012-07-20	Runa Mizuki
TASKR-006	TASKR		2012-07-20	Runa Mizuki
ZEUS-001	ZEUS		2012-08-10	Runa Mizuki
ZEUSB-001	ZEUSB		2012-08-10	Runa Mizuki
PRTN-09	PRTN		2012-10-26	Runa Mizuki
TASKJ-127	TASKJ		2012-11-20	Runa Mizuki
TASKR-010	TASKR		2012-11-20	Runa Mizuki
TASKJ-129	TASKJ		2012-12-20	Runa Mizuki
TASKR-011	TASKR		2012-12-20	Runa Mizuki
TASKJ-133	TASKJ		2013-03-20	Runa Mizuki
TASKR-014	TASKR		2013-03-20	Runa Mizuki
TASKS-009	TASKS		2013-07-20	Runa Mizuki
TASKR-016	TASKR		2013-07-20	Runa Mizuki
TASKS-012	TASKS		2013-09-20	Runa Mizuki
TASKR-019	TASKR		2013-09-20	Runa Mizuki
TASKS-017	TASKS		2014-01-20	Runa Mizuki
TASKR-022	TASKR		2014-01-20	Runa Mizuki
REPLY-1002	REPLY		2014-04-25	Runa Mizuki
REPLY-1003	REPLY		2014-05-30	Runa Mizuki
TASKS-019	TASKS		2014-07-20	Runa Mizuki
ICDV-30138	ICDV		2013-07-19	Runa Sakurai
ICDV-30143	ICDV		2013-09-20	Runa Sakurai
ICDV-30151	ICDV		2013-11-01	Runa Sakurai
JMRD-0046	JMRD		2013-12-27	Runa Sakurai
ICDV-30164	ICDV		2014-01-10	Runa Sakurai
ICDV-30176	ICDV		2014-03-01	Runa Sakurai
ICDV-30188	ICDV		2014-05-02	Runa Sakurai
ICDV-30197	ICDV		2014-07-04	Runa Sakurai
ICDV-30205	ICDV		2014-09-05	Runa Sakurai
ICDV-30212	ICDV		2014-11-01	Runa Sakurai
CRLS-008	CRLS		2011-12-02	Ruri Aikawa
JSSJ-116	JSSJ		2014-08-22	Ruri Morino
JSSJ-120	JSSJ		2014-10-17	Ruri Morino
MMR-AA011	MMR		2015-03-27	Ruri Morino
GARO-019	GARO		2007-06/30	Sae Akasaka
VEIS-001	VEIS		2007-08-10	Sae Akasaka
GGGG-004	GGGG		2007-10-07	Sae Akasaka
SHGAD-004	SHGAD		2007-10-27	Sae Akasaka
SCDV-24011	SCDV		2007-11-30	Sae Akasaka
ICDV-30008	ICDV		2008-03-28	Sae Akasaka
DPKS-033	DPKS		2008-05-24	Sae Akasaka
OHP-2018	OHP		2008-07-18	Sae Akasaka
GKSK-033	GKSK		2008-11-07	Sae Akasaka
JSSJ-043	JSSJ		2012-06-22	Sae Kamiya
JSSJ-046	JSSJ		2012-08-17	Sae Kamiya
MMR-202	MMR		2012-10-26	Sae Kamiya
WBD-008	WBD		2005-04-24	Saeka Kouno
BETTY-1021	BETTY		2006-12-18	Saeka Kouno
BETTY-1023	BETTY		2007-01-18	Saeka Kouno
LSS-1007	LSS		2008-01-12	Saeka Kouno
KNGN-004	KNGN		2008-07-25	Saeka Kouno
KNGN-008	KNGN		2008-09-25	Saeka Kouno
SKIP-047	SKIP		2008-09-25	Saeka Kouno
MLT-001	MLT		2009-01-01	Saeka Kouno
SWS-001	SWS		2009-01-01	Saeka Kouno
OHP-027	OHP		2007-08-17	Saku Uena
MOR-016	MOR		2007-12-20	Saku Uena
TASKH-018	TASKH		2008-02-20	Saku Uena
VDOB-0005	VDOB		2008-03-25	Saku Uena
OHP-3008	OHP		2008-04-18	Saku Uena
NOAH-047	NOAH		2008-06-27	Saku Uena
COJD-016	COJD		2008-07-29	Saku Uena
LINE-002	LINE		2008-10-12	Saku Uena
SOPD-9034	SOPD		2007-06-22	Sakura Aida
KU-001	KU		2007-11-16	Sakura Aida
KU-003	KU		2008-01-18	Sakura Aida
DMSM-7451	DMSM		2008-03-25	Sakura Aida
OHP-3008	OHP		2008-04-18	Sakura Aida
KU-007	KU		2008-05-23	Sakura Aida
OHP-3009	OHP		2008-07-18	Sakura Aida
GKSK-028	GKSK		2008-09-04	Sakura Aida
OHP-045	OHP		2008-09-19	Sakura Aida
MOR-033	MOR		2008-11-17	Sakura Aida
MOR-037	MOR		2009-01-17	Sakura Aida
DAND-008	DAND		2009-03-06	Sakura Aida
MOR-041	MOR		2009-03-17	Sakura Aida
WSH-001	WSH		2009-04-17	Sakura Aida
MOR-044	MOR		2009-05-17	Sakura Aida
MOR-045	MOR		2009-05-29	Sakura Aida
RITZ-003	RITZ		2014-03-13	Sakura Anna
RITZ-007	RITZ		2014-05-13	Sakura Anna
RITZ-010	RITZ		2014-07-13	Sakura Anna
AILE-035	AILE		2014-10-23	Sakura Anna
AILE-038	AILE		2015-02-13	Sakura Anna
DJKA-016	DJKA		2012-07-01	Sakura Koharu
JSSJ-045	JSSJ		2012-08-17	Sakura Koharu
MMR-203	MMR		2012-10-26	Sakura Koharu
MMR-350	MMR		2014-01-31	Sakura Kudo
JSSJ-100	JSSJ		2014-03-21	Sakura Kudo
MMR-391	MMR		2014-05-30	Sakura Kudo
PIST-050	PIST		2014-07-23	Sakura Kudo
SNYY-007	SNYY		2014-09-28	Sakura Kudo
TASKS-030	TASKS		2015-05-20	Sakura Kudo
TSDV-41446	TSDV		2012-06-22	Sakura Nina
GUILD-018	GUILD		2012-10-24	Sakura Nina
ENFD-5439	ENFD		2013-02-21	Sakura Nina
SBVD-0199	SBVD		2013-09-27	Sakura Nina
SBVB-0015	SBVB		2013-09-27	Sakura Nina
JSSJ-028	JSSJ		2011-07-15	Sakura Tsubaki
OMGZ-044	OMGZ		2011-09-10	Sakura Tsubaki
SKB-2	SKB		2005-08-19	Sakurako Ogawa
BETTY-1015	BETTY		2005-11-18	Sakurako Ogawa
Noah-13	Noah		2006-04-21	Sakurako Ogawa
SCDV-15003	SCDV		2006-04-28	Sakurako Ogawa
KODV-0017	KODV		2006-07-28	Sakurako Ogawa
SOPD-3822	SOPD		2006-11-17	Sakurako Ogawa
CPDS-002	CPDS		2006-11-17	Sakurako Ogawa
CPDS-004	CPDS		2006-12-08	Sakurako Ogawa
OHP-2004	OHP		2007-03-16	Sakurako Ogawa
MMR-AK008	MMR		2015-03-27	Sasaki Mako
MMR-AK014	MMR		2015-04-24	Sasaki Mako
TSBS-81020	TSBS		2015-06-19	Sasaki Mako
TSDS-42076	TSDS		2015-06-19	Sasaki Mako
SBKD-0127	SBKD		2015-08-28	Sasaki Mako
MMR-AK025	MMR		2015-10-30	Sasaki Mako
MMR-AK028	MMR		2015-11-27	Sasaki Mako
MMR-AK035	MMR		2016-01-29	Sasaki Mako
MMR-AK042	MMR		2016-03-25	Sasaki Mako
MMR-AK044	MMR		2016-04-29	Sasaki Mako
MMR-AK049	MMR		2016-06-24	Sasaki Mako
MMR-AK053	MMR		2016-07-29	Sasaki Mako
MMR-AK057	MMR		2016-08-26	Sasaki Mako
MMR-AK063	MMR		2016-10-28	Sasaki Mako
MMR-AK066	MMR		2016-11-25	Sasaki Mako
MMR-AA016	MMR		2015-05-29	Satsuki Hashimoto
JSSJ-143	JSSJ		2015-07-17	Satsuki Hashimoto
MMR-AA026	MMR		2015-09-25	Satsuki Hashimoto
MMR-AA032	MMR		2015-11-17	Satsuki Hashimoto
MMR-AA041	MMR		2016-01-29	Satsuki Hashimoto
TOBI-002	TOBI		2016-05-28	Satsuki Hashimoto
TASKS-055	TASKS		2016-07-20	Satsuki Hashimoto
DFAA-002	DFAA		2018-05-25	Satsuki Hashimoto
BFAA-002	BFAA		2018-05-25	Satsuki Hashimoto
MOR-002	MOR		2007-01-24	Sayaka Kamiya
OHP-021	OHP		2007-05-18	Sayaka Kamiya
OHP-3003	OHP		2007-07-20	Sayaka Kamiya
MMR-425	MMR		2014-09-26	Sayaka Miki
JSSJ-125	JSSJ		2014-11-21	Sayaka Miki
JSSJ-132	JSSJ		2015-01-23	Sayaka Miki
JKSS-013	JKSS		2015-03-23	Sayaka Miki
HISF-002	HISF		2009-12-29	Sayaka Mizutani
MMP-006	MMP		2010-05-31	Sayaka Mizutani
JSSJ-019	JSSJ		2010-08-20	Sayaka Mizutani
WAFL-008	WAFL		2013-02-23	Seino Shiroyama
WAFL-011	WAFL		2013-04-23	Seino Shiroyama
SULA-01001	SULA		2013-06-25	Seino Shiroyama
SULA-01002	SULA		2013-06-25	Seino Shiroyama
SULA-01004	SULA		2013-08-16	Seino Shiroyama
WAFL-019	WAFL		2013-10-23	Seino Shiroyama
SBKD-0090	SBKD		2013-12-26	Seino Shiroyama
LOSM-003	LOSM		2016-01-23	Seino Shiroyama
LOSMB-002	LOSMB		2016-01-23	Seino Shiroyama
TOBI-001	TOBI		2016-03-30	Seino Shiroyama
ZEUSO-002	ZEUSO		2016-07-10	Seino Shiroyama
ZEUSOB-002	ZEUSOB		2016-07-10	Seino Shiroyama
CLAR-1002	CLAR		2013-10-18	Seira Kikuchi
CLAR-1010	CLAR		2015-02-06	Seira Kikuchi
JSSJ-059	JSSJ		2013-01-25	Sena Hiiragi
GJJJ-001	GJJJ		2013-04-05	Sena Hiiragi
JSSJ-111	JSSJ		2014-07-18	Shurika Tachibana
ICDV-30090	ICDV		2012-08-01	Sora Mizuno
ICDV-30104	ICDV		2012-10-12	Sora Mizuno
ICDV-30109	ICDV		2012-12-01	Sora Mizuno
ICDV-30118	ICDV		2013-02-01	Sora Mizuno
ICDV-30127	ICDV		2013-04-12	Sora Mizuno
ICDV-30134	ICDV		2013-06-01	Sora Mizuno
SBKD-0083	SBKD		2013-07-26	Sora Mizuno
ICDV-30141	ICDV		2013-08-23	Sora Mizuno
SBKD-0086	SBKD		2013-09-27	Sora Mizuno
ICDV-30147	ICDV		2013-10-18	Sora Mizuno
SBKB-0009	SBKB		2013-11-28	Sora Mizuno
ICDV-30159	ICDV		2013-12-20	Sora Mizuno
ICDV-30169	ICDV		2014-02-01	Sora Mizuno
ICDV-30183	ICDV		2014-04-04	Sora Mizuno
ICDV-30194	ICDV		2014-06-01	Sora Mizuno
ICDV-30202	ICDV		2014-08-01	Sora Mizuno
SBKD-0122	SBKD		2015-06-27	Sora Mizuno
JMKD-0039	JMKD		2015-09-29	Sora Mizuno
SBKB-0122	SBKB		2015-06-27	Sora Mizuno
IMOM-093	IMOM		2009-10-25	Sugaya Miho
JSSJ-013	JSSJ		2009-12-25	Sugaya Miho
OHP-2023	OHP		2010-02-19	Sugaya Miho
OHP-065	OHP		2010-05-21	Sugaya Miho
JMDV-156	JMDV		2010-06-18	Sugaya Miho
CUM-001	CUM		2010-08-27	Sugaya Miho
IFJ-006	IFJ		2010-08-27	Sugaya Miho
JMDV-162	JMDV		2010-10-29	Sugaya Miho
CUM-005	CUM		2011-02-26	Sugaya Miho
OHP-068	OHP		2011-05-27	Sugaya Miho
SBVD-0123	SBVD		2011-08-26	Sugaya Miho
SOPD-6017	SOPD		2012-05-18	Sugaya Miho
PEAC-021	PEAC		2013-10-23	Sumire Sadohara
PEAC-026	PEAC		2013-11-23	Sumire Sadohara
SOPD-016	SOPD		2004-12-17	Suzuki Emika
SOPD-3802	SOPD		2005-05-20	Suzuki Emika
SOPD-3805	SOPD		2005-09-16	Suzuki Emika
NOA-020	NOA		2005-09-22	Suzuki Emika
GAPR-002	GAPR		2005-12-09	Suzuki Emika
CLR-4030	CLR		2006-03-17	Suzuki Emika
CCWK-007	CCWK		2006-06-21	Suzuki Emika
ILD-002	ILD		2006-09-29	Suzuki Emika
SOPD-9025	SOPD		2006-10-20	Suzuki Emika
JSSJ-103	JSSJ		2014-04-18	Suzuki Meka
GKSK-005	GKSK		2007-08-04	Temari Kusanagi
SCDV-19015	SCDV		2007-05-18	Temari Kusanagi
GGGG-004	GGGG		2007-10-07	Yua Ryouke
TASKJ-024	TASKJ		2007-10-20	Yua Ryouke
GGGG-005	GGGG		2007-11-07	Yua Ryouke
SHGAD-008	SHGAD		2007-12-18	Yua Ryouke
MSR-05	MSR		2008-02-22	Yua Ryouke
SHGAR-001	SHGAR		2008-03-26	Yua Ryouke
BKNI-002	BKNI		2008-03-28	Yua Ryouke
BKNI-006	BKNI		2008-04-28	Yua Ryouke
Gmook-005	Gmook		2008-07-25	Yua Ryouke
COJD-014	COJD		2008-07-29	Yua Ryouke
JSSJ-069	JSSJ		2013-05-24	Yui Ando
MMR-271	MMR		2013-05-24	Yui Ando
FEIR-0084	FEIR		2013-09-20	Yui Ando
SCDV-24006	SCDV		2007-07-13	Yui Arioka
OHP-3005	OHP		2007-09-28	Yui Arioka
SCDV-24009	SCDV		2007-10-12	Yui Arioka
KIDM-047	KIDM		2008-02-29	Yui Arioka
PEACH-024D	PEACH		2008-03-20	Yui Arioka
MOR-023	MOR		2008-05-16	Yui Arioka
EIGHT-104D	EIGHT		2008-06-22	Yui Arioka
CMG-009	CMG		2008-08-11	Yui Arioka
CMG-014	CMG		2008-11-10	Yui Arioka
CMG-023	CMG		2009-03-10	Yui Arioka
CMP-001	CMP		2009-08-10	Yui Arioka
CMP-009	CMP		2009-10-10	Yui Arioka
BKDV-00185	BKDV		2006-06-23	Yui Koike
BKDV-00206	BKDV		2006-09-29	Yui Koike
LPFD-157	LPFD		2008-12-19	Yui Koike
EIGHT-027D	EIGHT		2007-06-24	Yukari Fujima
KIDM-022	KIDM		2007-07-06	Yukari Fujima
PEACH-018D	PEACH		2007-07-28	Yukari Fujima
AHG-0012	AHG		2007-08-24	Yukari Fujima
BBOB-0002	BBOB		2007-09-25	Yukari Fujima
GS-008	GS		2007-09-27	Yukari Fujima
TWFK-002	TWFK		2007-10-10	Yukari Fujima
OHP-3006	OHP		2007-10-19	Yukari Fujima
KBOOT-16	KBOOT		2007-10-24	Yukari Fujima
PAND-004	PAND		2007-10-27	Yukari Fujima
NOAH-037	NOAH		2007-11-23	Yukari Fujima
DMSM-7353	DMSM		2007-11-25	Yukari Fujima
FUJI-002	FUJI		2008-01-25	Yukari Fujima
KIDM-053	KIDM		2008-03-28	Yukari Fujima
KIDM-065	KIDM		2008-06-13	Yukari Fujima
PEACH-028d	PEACH		2008-07-26	Yukari Fujima
FPO-0004	FPO		2008-08-29	Yukari Fujima
VDOB-0019	VDOB		2008-09-25	Yukari Fujima
CHNS-013	CHNS		2008-10-09	Yukari Fujima
BBOB-1000	BBOB		2008-11-27	Yukari Fujima
KIDM-101	KIDM		2008-11-28	Yukari Fujima
HIEN-0024	HIEN		2008-12-16	Yukari Fujima
MOR-9009	MOR		2008-12-16	Yukari Fujima
BTBY-0010	BTBY		2009-01-29	Yukari Fujima
RLD-1	RLD		2009-02-21	Yukari Fujima
BBOB-1001	BBOB		2009-02-25	Yukari Fujima
MFT-1006	MFT		2009-06-12	Yukari Fujima
FHSM-001	FHSM		2009-06-16	Yukari Fujima
KIDM-087	KIDM		2009-09-26	Yukari Fujima
PEACH-019D	PEACH		2007-08-18	Yukari Fujima
OHP-2005	OHP		2007-03-16	Yukari Nakai
SCDV-24004	SCDV		2007-06-15	Yukari Nakai
CPSKY-037	CPSKY		2007-09-21	Yukari Nakai
OHP-3005	OHP		2007-09-28	Yukari Nakai
SCDV-24014	SCDV		2007-12-07	Yukari Nakai
KU-003	KU		2008-01-18	Yukari Nakai
ICDV-30006	ICDV		2008-03-07	Yukari Nakai
OHP-040	OHP		2008-06-20	Yukari Nakai
KU-009	KU		2008-07-25	Yukari Nakai
OHP-3010	OHP		2008-08-15	Yukari Nakai
KU-011	KU		2008-09-26	Yukari Nakai
SOPD-9047	SOPD		2008-12-19	Yukari Nakai
KU-016	KU		2009-02-27	Yukari Nakai
SOPD-6011	SOPD		2009-03-20	Yukari Nakai
KU-019	KU		2009-03-27	Yukari Nakai
KU-023	KU		2009-05-22	Yukari Nakai
SOPD-9050	SOPD		2009-06-19	Yukari Nakai
OHP-3015	OHP		2009-08-21	Yukari Nakai
KU-030	KU		2009-09-25	Yukari Nakai
SOPD-9056	SOPD		2009-11-20	Yukari Nakai
SOPD-8012	SOPD		2009-12-18	Yukari Nakai
KU-048	KU		2010-04-30	Yukari Nakai
OHP-066	OHP		2010-06-18	Yukari Nakai
JMDV-117	JMDV		2006-07-27	Yuki Fujisaki
KBOOT-04	KBOOT		2006-08-26	Yuki Fujisaki
KBDQT-04	KBDQT		2006-08-26	Yuki Fujisaki
MWKD-5004	MWKD		2006-09-27	Yuki Fujisaki
SCDV-24001	SCDV		2006-11-02	Yuki Fujisaki
SOPD-8009	SOPD		2006-12-22	Yuki Fujisaki
ILD-012	ILD		2006-12-22	Yuki Fujisaki
PEACH-014D	PEACH		2006-12-24	Yuki Fujisaki
EIGHT-060D	EIGHT		2007-01-28	Yuki Fujisaki
LOVEDOL-001	LOVEDOL		2007-02-21	Yuki Fujisaki
PEACH-015D	PEACH		2007-02-24	Yuki Fujisaki
EIGHT-064D	EIGHT		2007-03-18	Yuki Fujisaki
OHP-3001	OHP		2007-05-18	Yuki Fujisaki
DMSM-7237	DMSM		2007-07-25	Yuki Fujisaki
PEACH-018D	PEACH		2007-07-28	Yuki Fujisaki
DGL-003	DGL		2007-09-27	Yuki Fujisaki
MOR-014	MOR		2007-10-15	Yuki Fujisaki
TBX-011	TBX		2008-06-27	Yuki Fujisaki
SCDV-19014	SCDV		2007-04-13	Yuki Yamagata
FBRE-003	FBRE		2013-02-21	Yume Ayanami
WANG-001	WANG		2013-07-23	Yume Ayanami
OHP-047	OHP		2008-10-17	Yumi Hamada
GKSK-037	GKSK		2009-01-01	Yumi Hamada
LINE-007	LINE		2009-02-14	Yumi Hamada
RM-003	RM		2009-03-01	Yumi Hamada
SOPD-7001	SOPD		2009-04-17	Yumi Hamada
RM-006	RM		2009-06-26	Yumi Hamada
RM-008	RM		2009-07-24	Yumi Hamada
JCOB-0001	JCOB		2007-06-05	Yuri Fujise
BBOB-0001	BBOB		2007-07-25	Yuri Fujise
EIGHT-073D	EIGHT		2007-07-28	Yuri Fujise
PEACH-018D	PEACH		2007-07-28	Yuri Fujise
AHG-0011	AHG		2007-08-24	Yuri Fujise
EIGHT-081D	EIGHT		2007-09-22	Yuri Fujise
PAND-003	PAND		2007-09-27	Yuri Fujise
KBOOT-17	KBOOT		2007-11-21	Yuri Fujise
BBOB-0003	BBOB		2007-11-25	Yuri Fujise
BBOB-0004	BBOB		2007-12-25	Yuri Fujise
MTF-1001	MTF		2008-03-07	Yuri Fujise
VDOD-0008	VDOD		2008-04-25	Yuri Fujise
VDOB-0019	VDOB		2008-09-25	Yuri Fujise
OHP-056	OHP		2009-02-20	Yuri Hamada
LINE-009	LINE		2009-04-11	Yuri Hamada
OHP-3014	OHP		2009-05-15	Yuri Hamada
OHP-061	OHP		2009-06-19	Yuri Hamada
JMDV-151	JMDV		2009-06-19	Yuri Hamada
JSSJ-003	JSSJ		2009-07-24	Yuri Hamada
JSSJ-004	JSSJ		2009-08-28	Yuri Hamada
JSSJ-007	JSSJ		2009-09-25	Yuri Hamada
MMR-200	MMR		2012-09-28	Yuu Hashimoto
MMR-209	MMR		2012-11-23	Yuu Hashimoto
JSSJ-057	JSSJ		2013-01-25	Yuu Hashimoto
DVDLGM-43	DVDLGM		2007-02-14	Yuu Komai
DVDLGM-47	DVDLGM		2007-04-20	Yuu Komai
AQUA-2	AQUA		2007-07-07	Yuu Komai
OHP-3003	OHP		2007-07-20	Yuu Komai
DVDLGM-51	DVDLGM		2007-09-23	Yuu Komai
DVDLGM-54	DVDLGM		2008-04-26	Yuu Komai
MSR-11	MSR		2008-05-23	Yuu Komai
COJD-013	COJD		2008-06-27	Yuu Komai
JSSJ-020	JSSJ		2010-08-20	Yuuki Minami
JSSJ-024	JSSJ		2010-11-19	Yuuki Minami
LINE-015	LINE		2011-01-31	Yuuki Minami
OMGZ-030	OMGZ		2011-03-12	Yuuki Minami
PIST-002	PIST		2011-05-23	Yuuki Minami
LINE-016	LINE		2011-09-27	Yuuki Minami
